indice,I,Q
0,-0.948683321,0.316227764
1,-0.948683321,0.948683321
2,-0.316227764,-0.316227764
3,-0.316227764,-0.316227764
4,-0.316227764,-0.948683321
5,0.316227764,-0.948683321
6,0.316227764,-0.948683321
7,0.316227764,-0.948683321
8,-0.316227764,0.948683321
9,-0.316227764,-0.948683321
10,-0.316227764,0.316227764
11,-0.316227764,0.948683321
12,-0.316227764,-0.316227764
13,0.316227764,-0.948683321
14,-0.316227764,-0.948683321
15,-0.948683321,0.948683321
16,-0.316227764,0.948683321
17,0.948683321,-0.948683321
18,-0.948683321,-0.948683321
19,0.948683321,-0.948683321
20,-0.316227764,0.316227764
21,0.948683321,0.316227764
22,0.316227764,0.948683321
23,0.316227764,0.948683321
24,-0.316227764,-0.948683321
25,0.948683321,0.948683321
26,-0.948683321,0.316227764
27,-0.948683321,0.316227764
28,0.948683321,-0.316227764
29,0.316227764,-0.948683321
30,0.948683321,-0.948683321
31,0.948683321,-0.316227764
32,-0.948683321,-0.948683321
33,-0.316227764,0.316227764
34,0.316227764,-0.948683321
35,0.948683321,-0.948683321
36,-0.316227764,-0.316227764
37,0.316227764,0.948683321
38,0.948683321,0.948683321
39,-0.316227764,-0.316227764
40,-0.316227764,-0.316227764
41,0.316227764,-0.316227764
42,0.948683321,-0.316227764
43,-0.948683321,-0.316227764
44,-0.316227764,-0.948683321
45,-0.316227764,-0.316227764
46,-0.316227764,0.948683321
47,0.948683321,-0.316227764
48,-0.948683321,-0.316227764
49,0.948683321,0.948683321
50,0.948683321,0.948683321
51,-0.948683321,-0.948683321
52,-0.948683321,-0.948683321
53,-0.316227764,0.948683321
54,0.316227764,0.948683321
55,-0.948683321,-0.316227764
56,0.316227764,0.948683321
57,-0.948683321,-0.316227764
58,-0.316227764,-0.948683321
59,-0.316227764,0.948683321
60,0.316227764,-0.316227764
61,-0.948683321,0.316227764
62,-0.948683321,0.316227764
63,-0.948683321,0.948683321
64,0.948683321,-0.316227764
65,-0.316227764,0.316227764
66,-0.948683321,-0.316227764
67,0.948683321,-0.316227764
68,-0.316227764,0.316227764
69,0.316227764,0.316227764
70,0.316227764,-0.316227764
71,0.948683321,-0.316227764
72,0.948683321,0.948683321
73,0.948683321,-0.316227764
74,0.948683321,-0.948683321
75,-0.316227764,-0.316227764
76,0.316227764,-0.948683321
77,0.316227764,-0.948683321
78,-0.948683321,-0.948683321
79,0.948683321,0.948683321
80,-0.316227764,-0.948683321
81,0.948683321,0.316227764
82,0.948683321,-0.948683321
83,-0.948683321,-0.948683321
84,0.948683321,-0.316227764
85,0.316227764,-0.948683321
86,-0.316227764,-0.316227764
87,-0.316227764,-0.948683321
88,-0.316227764,0.948683321
89,0.948683321,-0.316227764
90,-0.948683321,0.948683321
91,0.948683321,-0.948683321
92,0.948683321,0.316227764
93,0.316227764,0.316227764
94,-0.948683321,0.948683321
95,-0.948683321,-0.316227764
96,0.316227764,-0.948683321
97,-0.316227764,-0.948683321
98,-0.948683321,-0.948683321
99,0.316227764,0.948683321
100,0.948683321,0.948683321
101,-0.948683321,0.316227764
102,-0.948683321,0.948683321
103,0.948683321,0.316227764
104,-0.948683321,-0.948683321
105,-0.316227764,0.948683321
106,0.948683321,0.948683321
107,0.948683321,-0.316227764
108,-0.316227764,0.316227764
109,0.948683321,-0.316227764
110,-0.316227764,-0.948683321
111,0.948683321,-0.316227764
112,0.316227764,-0.948683321
113,-0.948683321,-0.948683321
114,-0.316227764,0.316227764
115,0.948683321,0.948683321
116,-0.316227764,-0.948683321
117,0.948683321,-0.948683321
118,-0.948683321,0.316227764
119,0.316227764,-0.316227764
120,-0.316227764,-0.948683321
121,-0.948683321,0.948683321
122,-0.948683321,0.948683321
123,0.948683321,-0.316227764
124,0.316227764,-0.948683321
125,0.316227764,0.948683321
126,0.316227764,-0.948683321
127,-0.948683321,-0.316227764
128,-0.948683321,0.316227764
129,-0.316227764,0.316227764
130,-0.316227764,0.316227764
131,0.948683321,-0.948683321
132,-0.316227764,0.948683321
133,0.948683321,-0.316227764
134,0.316227764,-0.316227764
135,-0.948683321,0.316227764
136,-0.316227764,-0.948683321
137,-0.316227764,0.948683321
138,-0.316227764,0.948683321
139,0.948683321,-0.948683321
140,-0.948683321,-0.948683321
141,-0.948683321,-0.948683321
142,-0.316227764,-0.948683321
143,-0.316227764,-0.316227764
144,-0.316227764,0.316227764
145,0.316227764,0.948683321
146,-0.948683321,0.948683321
147,-0.948683321,0.316227764
148,-0.316227764,-0.948683321
149,-0.316227764,-0.948683321
150,-0.316227764,-0.948683321
151,0.316227764,-0.948683321
152,-0.948683321,0.948683321
153,0.316227764,0.948683321
154,0.316227764,-0.316227764
155,-0.948683321,0.316227764
156,-0.316227764,-0.316227764
157,0.316227764,-0.316227764
158,0.948683321,0.316227764
159,0.948683321,0.948683321
160,-0.948683321,0.948683321
161,-0.316227764,0.948683321
162,0.948683321,0.948683321
163,-0.316227764,0.948683321
164,0.948683321,0.948683321
165,-0.316227764,-0.316227764
166,-0.316227764,-0.948683321
167,0.948683321,-0.316227764
168,0.316227764,0.948683321
169,-0.316227764,-0.316227764
170,-0.948683321,-0.948683321
171,0.316227764,-0.316227764
172,0.316227764,0.948683321
173,0.316227764,0.948683321
174,-0.316227764,-0.316227764
175,-0.948683321,-0.316227764
176,0.948683321,0.948683321
177,-0.316227764,-0.316227764
178,0.316227764,-0.948683321
179,0.316227764,0.316227764
180,0.948683321,-0.316227764
181,-0.316227764,-0.316227764
182,0.316227764,0.316227764
183,0.316227764,-0.948683321
184,0.316227764,-0.948683321
185,-0.316227764,-0.948683321
186,0.316227764,0.316227764
187,0.316227764,-0.316227764
188,0.316227764,0.948683321
189,0.316227764,0.948683321
190,0.948683321,0.948683321
191,-0.948683321,-0.948683321
192,0.948683321,0.316227764
193,0.316227764,-0.316227764
194,-0.948683321,-0.948683321
195,0.948683321,0.948683321
196,-0.948683321,-0.948683321
197,-0.948683321,-0.948683321
198,0.948683321,-0.316227764
199,-0.316227764,-0.948683321
200,-0.316227764,0.316227764
201,0.948683321,0.948683321
202,0.316227764,-0.316227764
203,-0.948683321,-0.316227764
204,0.948683321,0.316227764
205,-0.316227764,-0.316227764
206,0.316227764,0.316227764
207,0.948683321,-0.948683321
208,0.948683321,0.316227764
209,0.316227764,-0.316227764
210,-0.948683321,-0.948683321
211,0.948683321,-0.316227764
212,0.948683321,0.948683321
213,0.948683321,-0.316227764
214,0.948683321,-0.948683321
215,-0.948683321,-0.948683321
216,-0.316227764,-0.316227764
217,0.948683321,0.316227764
218,0.948683321,-0.948683321
219,-0.316227764,0.316227764
220,-0.316227764,0.948683321
221,-0.316227764,-0.316227764
222,-0.316227764,0.948683321
223,0.948683321,0.948683321
224,-0.316227764,0.316227764
225,-0.948683321,-0.316227764
226,0.316227764,0.948683321
227,0.948683321,0.948683321
228,-0.948683321,-0.316227764
229,-0.948683321,-0.948683321
230,-0.948683321,-0.948683321
231,0.948683321,-0.948683321
232,-0.948683321,0.948683321
233,-0.948683321,-0.316227764
234,0.948683321,-0.948683321
235,-0.316227764,0.948683321
236,0.948683321,0.316227764
237,-0.316227764,0.948683321
238,-0.948683321,-0.316227764
239,0.316227764,0.948683321
240,-0.316227764,0.316227764
241,0.316227764,0.316227764
242,0.948683321,-0.316227764
243,-0.948683321,-0.316227764
244,-0.948683321,-0.316227764
245,0.316227764,-0.316227764
246,0.948683321,0.316227764
247,0.316227764,0.948683321
248,0.948683321,-0.316227764
249,0.948683321,-0.948683321
250,-0.316227764,0.948683321
251,-0.948683321,0.948683321
252,-0.316227764,0.316227764
253,0.316227764,-0.316227764
254,0.948683321,0.316227764
255,0.948683321,-0.316227764
256,-0.948683321,-0.316227764
257,0.948683321,0.948683321
258,-0.948683321,0.316227764
259,0.316227764,0.316227764
260,0.316227764,-0.948683321
261,-0.948683321,0.316227764
262,0.948683321,-0.948683321
263,0.316227764,-0.948683321
264,0.948683321,-0.316227764
265,-0.316227764,-0.948683321
266,0.316227764,0.316227764
267,0.948683321,-0.316227764
268,0.948683321,-0.316227764
269,-0.948683321,0.316227764
270,-0.948683321,-0.316227764
271,-0.948683321,0.316227764
272,-0.316227764,-0.948683321
273,0.316227764,-0.316227764
274,-0.948683321,0.948683321
275,-0.316227764,-0.316227764
276,-0.948683321,-0.316227764
277,-0.948683321,-0.948683321
278,-0.948683321,-0.948683321
279,0.316227764,0.316227764
280,-0.948683321,-0.316227764
281,0.316227764,0.948683321
282,-0.316227764,0.316227764
283,-0.316227764,0.316227764
284,0.948683321,0.316227764
285,0.948683321,0.316227764
286,-0.316227764,-0.316227764
287,-0.316227764,0.948683321
288,0.948683321,0.948683321
289,-0.948683321,-0.316227764
290,-0.316227764,-0.316227764
291,-0.948683321,0.948683321
292,0.948683321,0.948683321
293,0.948683321,-0.948683321
294,-0.316227764,0.316227764
295,0.948683321,-0.948683321
296,0.948683321,0.948683321
297,-0.948683321,-0.316227764
298,0.316227764,0.948683321
299,-0.316227764,-0.316227764
300,-0.316227764,-0.316227764
301,-0.316227764,-0.316227764
302,-0.316227764,-0.948683321
303,0.948683321,0.948683321
304,0.948683321,0.316227764
305,0.948683321,-0.948683321
306,-0.316227764,-0.948683321
307,-0.948683321,-0.948683321
308,-0.948683321,-0.948683321
309,0.948683321,0.316227764
310,0.316227764,0.948683321
311,-0.948683321,0.316227764
312,0.948683321,0.316227764
313,-0.316227764,-0.948683321
314,-0.948683321,-0.316227764
315,-0.316227764,-0.948683321
316,0.316227764,-0.948683321
317,0.316227764,0.316227764
318,-0.316227764,0.316227764
319,0.948683321,-0.316227764
320,0.316227764,-0.316227764
321,0.316227764,-0.316227764
322,0.948683321,-0.316227764
323,0.948683321,-0.948683321
324,-0.316227764,-0.316227764
325,0.316227764,-0.948683321
326,-0.948683321,-0.948683321
327,-0.948683321,0.316227764
328,0.316227764,-0.948683321
329,-0.948683321,0.316227764
330,-0.948683321,-0.316227764
331,-0.948683321,-0.316227764
332,0.948683321,-0.316227764
333,0.316227764,0.948683321
334,0.948683321,-0.316227764
335,0.316227764,0.948683321
336,-0.316227764,-0.948683321
337,-0.948683321,0.316227764
338,0.948683321,-0.948683321
339,0.948683321,0.948683321
340,-0.316227764,0.948683321
341,-0.948683321,0.948683321
342,-0.948683321,-0.948683321
343,0.948683321,0.948683321
344,0.948683321,-0.316227764
345,0.316227764,0.316227764
346,-0.948683321,0.948683321
347,0.948683321,-0.948683321
348,-0.316227764,0.948683321
349,-0.316227764,0.316227764
350,-0.948683321,-0.316227764
351,-0.316227764,0.948683321
352,-0.316227764,0.316227764
353,0.948683321,-0.948683321
354,0.948683321,-0.316227764
355,-0.316227764,0.316227764
356,-0.948683321,0.948683321
357,-0.948683321,-0.316227764
358,-0.316227764,0.948683321
359,0.948683321,0.948683321
360,-0.948683321,-0.948683321
361,-0.948683321,-0.316227764
362,0.948683321,0.948683321
363,0.316227764,0.948683321
364,0.948683321,-0.948683321
365,-0.948683321,-0.948683321
366,0.316227764,0.316227764
367,-0.948683321,-0.948683321
368,-0.316227764,0.948683321
369,0.316227764,0.316227764
370,-0.948683321,-0.316227764
371,-0.948683321,0.948683321
372,-0.316227764,0.316227764
373,0.316227764,-0.948683321
374,-0.316227764,-0.948683321
375,0.948683321,-0.948683321
376,-0.948683321,-0.948683321
377,0.948683321,-0.316227764
378,0.948683321,-0.316227764
379,0.948683321,-0.316227764
380,-0.948683321,-0.948683321
381,0.316227764,-0.316227764
382,0.948683321,0.948683321
383,-0.948683321,-0.948683321
384,-0.948683321,-0.948683321
385,0.316227764,-0.948683321
386,0.316227764,0.948683321
387,0.948683321,-0.316227764
388,0.316227764,0.948683321
389,0.948683321,-0.316227764
390,0.948683321,0.948683321
391,0.316227764,-0.316227764
392,0.316227764,0.948683321
393,0.316227764,0.316227764
394,0.948683321,0.316227764
395,-0.948683321,0.316227764
396,0.316227764,0.948683321
397,0.948683321,0.316227764
398,-0.948683321,0.948683321
399,-0.948683321,0.948683321
400,-0.316227764,-0.316227764
401,0.316227764,0.316227764
402,0.316227764,-0.948683321
403,-0.948683321,-0.948683321
404,-0.948683321,-0.948683321
405,0.948683321,-0.316227764
406,0.948683321,0.316227764
407,-0.316227764,0.948683321
408,0.948683321,0.948683321
409,0.316227764,0.948683321
410,-0.948683321,0.316227764
411,0.948683321,0.316227764
412,-0.316227764,0.316227764
413,-0.948683321,0.948683321
414,-0.948683321,0.316227764
415,0.948683321,-0.948683321
416,-0.316227764,-0.948683321
417,-0.316227764,0.316227764
418,0.948683321,0.948683321
419,-0.948683321,0.316227764
420,-0.316227764,-0.948683321
421,-0.948683321,-0.948683321
422,0.316227764,0.316227764
423,-0.316227764,0.948683321
424,-0.948683321,0.948683321
425,0.316227764,0.316227764
426,0.948683321,-0.948683321
427,0.948683321,0.948683321
428,-0.316227764,-0.948683321
429,0.316227764,-0.316227764
430,0.316227764,0.948683321
431,-0.948683321,-0.948683321
432,-0.948683321,0.316227764
433,-0.948683321,-0.948683321
434,0.948683321,0.316227764
435,-0.316227764,0.948683321
436,-0.316227764,-0.948683321
437,0.316227764,-0.316227764
438,-0.316227764,-0.316227764
439,-0.316227764,0.948683321
440,-0.316227764,-0.948683321
441,0.316227764,-0.316227764
442,-0.316227764,0.316227764
443,-0.316227764,-0.948683321
444,-0.948683321,0.948683321
445,-0.316227764,-0.948683321
446,0.316227764,0.316227764
447,-0.948683321,-0.948683321
448,-0.948683321,-0.316227764
449,-0.948683321,-0.316227764
450,-0.948683321,0.316227764
451,-0.948683321,0.316227764
452,0.316227764,0.316227764
453,-0.948683321,0.948683321
454,-0.316227764,-0.948683321
455,0.948683321,-0.948683321
456,-0.948683321,-0.316227764
457,-0.316227764,0.316227764
458,0.316227764,0.316227764
459,-0.316227764,-0.316227764
460,0.316227764,-0.316227764
461,-0.948683321,-0.948683321
462,0.316227764,0.316227764
463,0.948683321,-0.948683321
464,0.316227764,0.948683321
465,-0.316227764,0.948683321
466,0.316227764,-0.948683321
467,-0.948683321,-0.948683321
468,0.948683321,0.316227764
469,0.948683321,0.948683321
470,-0.316227764,-0.948683321
471,0.316227764,-0.948683321
472,0.316227764,-0.316227764
473,-0.316227764,0.948683321
474,-0.948683321,-0.948683321
475,-0.948683321,-0.948683321
476,-0.948683321,-0.316227764
477,0.316227764,0.316227764
478,0.316227764,-0.316227764
479,0.948683321,-0.316227764
480,-0.948683321,-0.948683321
481,-0.948683321,-0.948683321
482,-0.948683321,-0.948683321
483,0.316227764,0.316227764
484,0.316227764,0.948683321
485,-0.316227764,0.948683321
486,0.316227764,0.948683321
487,0.316227764,0.316227764
488,0.316227764,-0.948683321
489,0.948683321,-0.316227764
490,-0.316227764,-0.948683321
491,0.948683321,-0.948683321
492,-0.316227764,0.948683321
493,0.316227764,-0.316227764
494,0.316227764,0.948683321
495,0.948683321,0.316227764
496,0.316227764,-0.316227764
497,-0.948683321,0.316227764
498,-0.316227764,0.316227764
499,-0.316227764,-0.948683321
500,0.316227764,-0.316227764
501,0.316227764,0.316227764
502,-0.316227764,0.316227764
503,-0.948683321,0.316227764
504,-0.948683321,-0.316227764
505,-0.948683321,0.948683321
506,0.316227764,0.316227764
507,0.948683321,0.316227764
508,-0.316227764,-0.316227764
509,0.948683321,-0.948683321
510,-0.316227764,0.316227764
511,-0.316227764,0.948683321
512,-0.316227764,-0.948683321
513,0.948683321,-0.948683321
514,-0.316227764,-0.316227764
515,0.316227764,-0.948683321
516,0.316227764,0.316227764
517,-0.316227764,-0.948683321
518,-0.948683321,-0.948683321
519,0.948683321,-0.316227764
520,-0.316227764,-0.948683321
521,-0.948683321,0.316227764
522,0.948683321,-0.948683321
523,0.316227764,0.316227764
524,0.316227764,0.948683321
525,-0.316227764,-0.316227764
526,-0.948683321,0.316227764
527,0.948683321,0.948683321
528,-0.948683321,0.316227764
529,0.948683321,0.316227764
530,-0.948683321,-0.316227764
531,-0.948683321,-0.948683321
532,0.316227764,0.316227764
533,0.316227764,0.316227764
534,0.948683321,0.316227764
535,-0.316227764,-0.316227764
536,0.948683321,-0.948683321
537,-0.948683321,-0.948683321
538,-0.316227764,0.948683321
539,0.948683321,0.948683321
540,0.316227764,0.316227764
541,0.948683321,-0.316227764
542,0.316227764,0.316227764
543,-0.316227764,0.948683321
544,0.948683321,-0.948683321
545,0.316227764,0.948683321
546,-0.316227764,0.948683321
547,0.948683321,0.316227764
548,-0.948683321,-0.316227764
549,-0.316227764,-0.316227764
550,-0.316227764,0.316227764
551,-0.316227764,0.316227764
552,-0.948683321,-0.948683321
553,-0.948683321,0.316227764
554,0.316227764,0.316227764
555,0.948683321,-0.316227764
556,0.316227764,0.316227764
557,0.316227764,0.316227764
558,0.316227764,-0.948683321
559,0.316227764,-0.948683321
560,0.316227764,0.948683321
561,-0.316227764,0.948683321
562,0.316227764,-0.316227764
563,0.316227764,-0.948683321
564,0.948683321,-0.316227764
565,0.948683321,-0.316227764
566,0.316227764,0.316227764
567,0.948683321,0.316227764
568,-0.948683321,-0.316227764
569,-0.316227764,-0.316227764
570,0.316227764,-0.316227764
571,-0.316227764,0.316227764
572,0.948683321,0.948683321
573,-0.316227764,-0.948683321
574,-0.948683321,0.948683321
575,0.948683321,0.948683321
576,-0.948683321,0.316227764
577,0.316227764,-0.948683321
578,0.316227764,-0.948683321
579,-0.948683321,-0.948683321
580,-0.948683321,-0.316227764
581,0.948683321,-0.316227764
582,0.316227764,0.316227764
583,0.948683321,0.948683321
584,-0.316227764,-0.948683321
585,-0.316227764,-0.316227764
586,-0.948683321,-0.316227764
587,-0.948683321,-0.948683321
588,-0.316227764,0.948683321
589,-0.316227764,0.316227764
590,-0.948683321,-0.948683321
591,-0.316227764,-0.316227764
592,0.316227764,0.316227764
593,0.948683321,0.316227764
594,0.316227764,0.948683321
595,0.948683321,0.316227764
596,0.948683321,-0.948683321
597,-0.948683321,0.316227764
598,0.948683321,-0.948683321
599,-0.316227764,0.948683321
600,0.316227764,-0.948683321
601,0.948683321,0.948683321
602,-0.316227764,-0.316227764
603,0.316227764,-0.316227764
604,0.316227764,-0.316227764
605,0.948683321,-0.316227764
606,0.948683321,-0.948683321
607,-0.948683321,0.316227764
608,-0.948683321,0.316227764
609,-0.948683321,0.316227764
610,0.948683321,0.316227764
611,-0.316227764,0.316227764
612,0.948683321,-0.948683321
613,-0.316227764,0.948683321
614,-0.316227764,-0.316227764
615,-0.316227764,0.316227764
616,0.316227764,-0.948683321
617,0.316227764,-0.948683321
618,0.316227764,0.316227764
619,0.948683321,-0.316227764
620,-0.316227764,-0.948683321
621,-0.948683321,0.948683321
622,-0.948683321,0.316227764
623,0.948683321,0.316227764
624,-0.948683321,0.948683321
625,-0.948683321,-0.948683321
626,0.948683321,-0.316227764
627,-0.948683321,-0.948683321
628,0.948683321,-0.316227764
629,0.316227764,-0.316227764
630,-0.948683321,0.948683321
631,-0.948683321,0.948683321
632,0.948683321,-0.316227764
633,-0.316227764,0.948683321
634,-0.316227764,-0.948683321
635,0.948683321,0.316227764
636,-0.316227764,-0.948683321
637,-0.948683321,0.316227764
638,0.948683321,-0.316227764
639,0.316227764,0.316227764
640,-0.316227764,0.948683321
641,0.948683321,-0.948683321
642,-0.948683321,-0.948683321
643,0.948683321,0.948683321
644,0.948683321,-0.948683321
645,-0.948683321,-0.948683321
646,-0.948683321,-0.948683321
647,0.948683321,-0.948683321
648,-0.948683321,-0.316227764
649,-0.316227764,0.316227764
650,0.316227764,0.316227764
651,0.948683321,-0.316227764
652,0.316227764,-0.948683321
653,-0.316227764,0.948683321
654,0.316227764,0.948683321
655,-0.948683321,-0.948683321
656,-0.948683321,0.948683321
657,0.948683321,0.948683321
658,0.316227764,-0.948683321
659,-0.948683321,-0.948683321
660,0.948683321,-0.316227764
661,-0.948683321,-0.948683321
662,0.316227764,0.948683321
663,-0.316227764,-0.316227764
664,-0.316227764,-0.948683321
665,-0.948683321,-0.316227764
666,-0.948683321,-0.316227764
667,0.948683321,-0.948683321
668,-0.948683321,0.948683321
669,-0.948683321,0.316227764
670,-0.948683321,0.316227764
671,0.316227764,-0.316227764
672,0.316227764,0.948683321
673,-0.948683321,-0.948683321
674,0.948683321,0.948683321
675,-0.948683321,0.316227764
676,-0.316227764,0.316227764
677,-0.948683321,0.316227764
678,0.316227764,-0.948683321
679,-0.948683321,-0.316227764
680,0.316227764,-0.948683321
681,0.316227764,-0.948683321
682,0.316227764,-0.948683321
683,0.316227764,0.948683321
684,0.948683321,0.316227764
685,-0.316227764,0.316227764
686,-0.948683321,-0.316227764
687,-0.316227764,-0.316227764
688,0.948683321,0.948683321
689,-0.316227764,0.316227764
690,-0.948683321,-0.948683321
691,-0.948683321,-0.948683321
692,0.316227764,-0.948683321
693,-0.948683321,-0.316227764
694,-0.316227764,0.316227764
695,0.316227764,-0.948683321
696,-0.316227764,-0.316227764
697,0.948683321,0.316227764
698,-0.316227764,-0.948683321
699,0.948683321,0.948683321
700,0.316227764,0.316227764
701,-0.948683321,0.948683321
702,-0.948683321,-0.316227764
703,-0.316227764,0.948683321
704,-0.948683321,0.316227764
705,-0.948683321,-0.948683321
706,-0.316227764,0.948683321
707,-0.316227764,0.948683321
708,0.948683321,0.948683321
709,-0.948683321,0.948683321
710,0.316227764,-0.316227764
711,0.948683321,0.948683321
712,-0.316227764,0.948683321
713,-0.316227764,0.316227764
714,0.948683321,0.948683321
715,0.948683321,-0.948683321
716,0.948683321,0.948683321
717,-0.948683321,0.316227764
718,0.316227764,-0.948683321
719,-0.316227764,0.948683321
720,0.948683321,-0.948683321
721,0.316227764,-0.948683321
722,-0.948683321,-0.316227764
723,0.948683321,0.948683321
724,0.316227764,0.316227764
725,-0.948683321,-0.948683321
726,-0.948683321,-0.948683321
727,0.948683321,-0.316227764
728,-0.316227764,0.948683321
729,0.948683321,0.948683321
730,0.316227764,-0.948683321
731,0.316227764,0.948683321
732,0.316227764,-0.316227764
733,0.316227764,-0.316227764
734,0.948683321,0.316227764
735,-0.948683321,-0.948683321
736,-0.316227764,0.948683321
737,-0.948683321,0.948683321
738,0.948683321,-0.316227764
739,0.316227764,0.316227764
740,-0.948683321,-0.948683321
741,-0.948683321,0.316227764
742,-0.316227764,-0.316227764
743,-0.948683321,-0.316227764
744,0.316227764,-0.316227764
745,0.316227764,0.948683321
746,-0.316227764,0.948683321
747,-0.948683321,-0.316227764
748,-0.948683321,-0.316227764
749,0.948683321,0.316227764
750,0.316227764,0.948683321
751,-0.316227764,-0.948683321
752,0.316227764,0.948683321
753,-0.948683321,-0.316227764
754,0.948683321,0.948683321
755,0.316227764,-0.948683321
756,-0.948683321,0.948683321
757,0.316227764,-0.316227764
758,-0.948683321,0.948683321
759,-0.316227764,-0.316227764
760,-0.948683321,-0.948683321
761,-0.316227764,0.948683321
762,-0.948683321,-0.316227764
763,0.948683321,-0.316227764
764,-0.316227764,0.316227764
765,0.316227764,-0.948683321
766,0.316227764,-0.316227764
767,0.316227764,-0.948683321
768,0.948683321,-0.948683321
769,0.948683321,0.316227764
770,-0.948683321,-0.948683321
771,-0.948683321,-0.948683321
772,-0.316227764,-0.316227764
773,0.316227764,0.948683321
774,0.316227764,0.948683321
775,0.316227764,-0.316227764
776,-0.316227764,0.948683321
777,0.316227764,0.316227764
778,0.316227764,0.948683321
779,-0.948683321,-0.948683321
780,-0.948683321,-0.948683321
781,-0.316227764,0.316227764
782,0.316227764,-0.316227764
783,0.948683321,-0.948683321
784,0.316227764,0.948683321
785,-0.948683321,0.316227764
786,0.948683321,-0.948683321
787,-0.948683321,0.948683321
788,0.316227764,-0.948683321
789,-0.316227764,0.948683321
790,0.316227764,0.948683321
791,0.316227764,0.316227764
792,0.316227764,0.948683321
793,-0.948683321,-0.948683321
794,-0.316227764,0.316227764
795,-0.316227764,-0.948683321
796,-0.316227764,-0.316227764
797,0.948683321,-0.316227764
798,0.948683321,0.316227764
799,0.948683321,-0.948683321
800,-0.948683321,-0.948683321
801,-0.948683321,-0.316227764
802,0.316227764,0.948683321
803,-0.948683321,-0.948683321
804,-0.948683321,0.948683321
805,-0.948683321,-0.316227764
806,-0.948683321,0.948683321
807,-0.948683321,0.948683321
808,-0.948683321,0.316227764
809,-0.316227764,-0.316227764
810,0.948683321,-0.948683321
811,-0.948683321,-0.948683321
812,0.316227764,-0.316227764
813,0.948683321,-0.316227764
814,0.948683321,-0.948683321
815,-0.948683321,0.316227764
816,-0.316227764,-0.316227764
817,-0.316227764,0.316227764
818,0.948683321,0.948683321
819,-0.948683321,0.948683321
820,-0.948683321,-0.316227764
821,0.948683321,0.316227764
822,0.948683321,-0.948683321
823,-0.316227764,-0.316227764
824,-0.316227764,0.316227764
825,0.948683321,-0.948683321
826,0.948683321,0.316227764
827,-0.316227764,0.948683321
828,-0.316227764,-0.316227764
829,0.948683321,-0.316227764
830,0.948683321,0.948683321
831,0.948683321,-0.316227764
832,-0.948683321,-0.948683321
833,-0.948683321,-0.316227764
834,0.948683321,0.316227764
835,0.948683321,0.948683321
836,-0.316227764,-0.316227764
837,0.316227764,-0.316227764
838,0.948683321,-0.948683321
839,0.948683321,0.316227764
840,0.948683321,-0.316227764
841,0.316227764,0.948683321
842,0.948683321,-0.948683321
843,0.316227764,0.316227764
844,-0.948683321,0.316227764
845,0.948683321,-0.316227764
846,0.316227764,-0.316227764
847,-0.316227764,-0.316227764
848,0.948683321,-0.948683321
849,-0.948683321,0.948683321
850,0.316227764,-0.948683321
851,0.316227764,0.948683321
852,-0.316227764,0.316227764
853,-0.316227764,0.316227764
854,0.316227764,-0.948683321
855,-0.316227764,0.316227764
856,-0.948683321,-0.948683321
857,-0.316227764,0.316227764
858,0.948683321,-0.948683321
859,-0.316227764,-0.948683321
860,-0.316227764,-0.316227764
861,-0.316227764,0.316227764
862,-0.948683321,0.948683321
863,-0.316227764,0.948683321
864,0.948683321,0.948683321
865,0.316227764,-0.948683321
866,0.316227764,-0.316227764
867,-0.316227764,0.316227764
868,-0.948683321,-0.948683321
869,0.316227764,-0.316227764
870,0.316227764,0.948683321
871,-0.948683321,0.316227764
872,0.948683321,0.316227764
873,0.316227764,-0.948683321
874,0.948683321,0.316227764
875,0.948683321,-0.316227764
876,-0.948683321,-0.316227764
877,0.948683321,0.948683321
878,-0.316227764,-0.316227764
879,-0.948683321,-0.316227764
880,-0.316227764,0.948683321
881,-0.316227764,0.316227764
882,-0.316227764,-0.316227764
883,0.948683321,-0.316227764
884,0.948683321,-0.316227764
885,0.948683321,-0.948683321
886,-0.316227764,-0.948683321
887,0.948683321,0.948683321
888,-0.948683321,0.316227764
889,0.316227764,-0.948683321
890,0.948683321,0.316227764
891,-0.316227764,0.316227764
892,-0.948683321,0.316227764
893,-0.948683321,0.948683321
894,0.316227764,0.948683321
895,-0.948683321,0.316227764
896,-0.316227764,-0.948683321
897,0.316227764,-0.948683321
898,-0.316227764,-0.316227764
899,-0.948683321,-0.948683321
900,-0.316227764,0.316227764
901,-0.948683321,0.316227764
902,-0.948683321,-0.948683321
903,0.948683321,-0.948683321
904,-0.948683321,0.948683321
905,0.948683321,0.948683321
906,0.316227764,0.948683321
907,0.948683321,0.316227764
908,0.316227764,0.316227764
909,-0.948683321,0.948683321
910,0.948683321,0.316227764
911,-0.316227764,-0.316227764
912,-0.316227764,-0.316227764
913,0.948683321,-0.316227764
914,-0.316227764,-0.316227764
915,-0.948683321,0.948683321
916,-0.948683321,0.316227764
917,-0.316227764,0.316227764
918,-0.316227764,0.948683321
919,0.948683321,-0.316227764
920,-0.316227764,-0.316227764
921,-0.948683321,0.948683321
922,-0.316227764,-0.316227764
923,0.948683321,-0.948683321
924,-0.316227764,-0.948683321
925,-0.948683321,0.316227764
926,0.316227764,-0.316227764
927,-0.316227764,0.316227764
928,-0.316227764,-0.948683321
929,-0.316227764,-0.948683321
930,0.316227764,0.948683321
931,-0.316227764,0.948683321
932,-0.316227764,-0.316227764
933,0.948683321,0.948683321
934,-0.316227764,-0.948683321
935,-0.316227764,-0.316227764
936,-0.316227764,0.948683321
937,0.948683321,0.316227764
938,0.948683321,0.948683321
939,-0.948683321,-0.948683321
940,-0.316227764,0.948683321
941,0.316227764,-0.948683321
942,0.948683321,0.948683321
943,0.948683321,0.948683321
944,-0.948683321,-0.948683321
945,-0.948683321,0.316227764
946,0.316227764,-0.316227764
947,-0.948683321,-0.948683321
948,0.948683321,-0.316227764
949,0.316227764,0.316227764
950,0.316227764,0.316227764
951,0.948683321,-0.316227764
952,-0.948683321,-0.948683321
953,0.316227764,-0.316227764
954,0.948683321,0.316227764
955,-0.948683321,0.316227764
956,-0.316227764,0.948683321
957,-0.316227764,-0.316227764
958,-0.316227764,-0.316227764
959,-0.316227764,0.316227764
960,0.948683321,-0.948683321
961,-0.948683321,0.948683321
962,-0.948683321,0.948683321
963,0.948683321,0.948683321
964,-0.948683321,0.948683321
965,0.948683321,-0.316227764
966,0.316227764,-0.316227764
967,0.316227764,-0.948683321
968,0.948683321,0.948683321
969,0.948683321,0.316227764
970,0.948683321,-0.316227764
971,-0.948683321,0.316227764
972,0.948683321,0.948683321
973,-0.316227764,0.948683321
974,-0.316227764,-0.316227764
975,-0.316227764,0.316227764
976,-0.316227764,-0.948683321
977,0.316227764,0.948683321
978,-0.316227764,-0.948683321
979,0.316227764,0.948683321
980,-0.948683321,-0.316227764
981,0.316227764,0.948683321
982,-0.316227764,0.948683321
983,-0.948683321,-0.948683321
984,-0.948683321,-0.316227764
985,0.316227764,-0.948683321
986,-0.316227764,-0.316227764
987,-0.316227764,0.948683321
988,-0.316227764,-0.948683321
989,0.948683321,0.316227764
990,-0.948683321,-0.948683321
991,-0.948683321,0.948683321
992,0.948683321,0.948683321
993,-0.316227764,-0.948683321
994,0.948683321,0.316227764
995,-0.948683321,0.948683321
996,-0.948683321,0.948683321
997,-0.316227764,0.316227764
998,0.948683321,0.316227764
999,-0.316227764,0.316227764
1000,-0.316227764,-0.948683321
1001,-0.316227764,0.948683321
1002,-0.316227764,0.316227764
1003,-0.948683321,-0.316227764
1004,-0.948683321,0.316227764
1005,0.316227764,-0.948683321
1006,-0.316227764,-0.316227764
1007,0.316227764,0.948683321
1008,0.948683321,-0.948683321
1009,0.316227764,-0.948683321
1010,-0.948683321,-0.948683321
1011,0.948683321,0.948683321
1012,0.948683321,0.948683321
1013,0.316227764,-0.948683321
1014,-0.948683321,0.316227764
1015,-0.316227764,0.948683321
1016,0.316227764,0.316227764
1017,0.948683321,-0.316227764
1018,-0.316227764,0.316227764
1019,0.316227764,-0.948683321
1020,0.316227764,0.316227764
1021,-0.316227764,0.316227764
1022,0.316227764,-0.948683321
1023,0.948683321,0.316227764
1024,0.948683321,0.948683321
1025,0.316227764,-0.316227764
1026,-0.948683321,0.316227764
1027,-0.316227764,0.316227764
1028,0.948683321,0.316227764
1029,-0.316227764,0.316227764
1030,-0.948683321,-0.316227764
1031,0.316227764,-0.948683321
1032,-0.316227764,0.948683321
1033,-0.948683321,-0.948683321
1034,0.316227764,-0.948683321
1035,0.948683321,-0.316227764
1036,0.316227764,0.948683321
1037,-0.948683321,0.948683321
1038,0.316227764,0.948683321
1039,-0.948683321,0.948683321
1040,-0.948683321,-0.316227764
1041,0.316227764,-0.316227764
1042,-0.948683321,0.948683321
1043,-0.948683321,-0.316227764
1044,0.948683321,0.948683321
1045,0.316227764,-0.948683321
1046,0.316227764,0.316227764
1047,0.316227764,-0.316227764
1048,-0.948683321,0.316227764
1049,-0.316227764,0.316227764
1050,0.948683321,0.316227764
1051,0.316227764,0.316227764
1052,0.948683321,0.948683321
1053,0.316227764,-0.948683321
1054,0.316227764,-0.948683321
1055,0.948683321,0.316227764
1056,0.948683321,-0.316227764
1057,0.316227764,0.948683321
1058,-0.948683321,0.316227764
1059,-0.316227764,-0.948683321
1060,-0.948683321,0.948683321
1061,-0.948683321,0.316227764
1062,0.948683321,-0.948683321
1063,-0.948683321,-0.948683321
1064,0.948683321,0.948683321
1065,-0.948683321,0.948683321
1066,0.948683321,0.316227764
1067,0.948683321,-0.316227764
1068,-0.316227764,-0.316227764
1069,0.316227764,-0.948683321
1070,-0.316227764,-0.948683321
1071,-0.948683321,0.316227764
1072,-0.316227764,0.948683321
1073,-0.948683321,-0.948683321
1074,-0.948683321,0.316227764
1075,0.316227764,-0.948683321
1076,0.316227764,0.948683321
1077,-0.316227764,-0.948683321
1078,0.948683321,0.316227764
1079,0.316227764,0.948683321
1080,-0.948683321,-0.316227764
1081,0.948683321,0.948683321
1082,-0.316227764,-0.316227764
1083,-0.948683321,0.948683321
1084,-0.316227764,-0.316227764
1085,-0.316227764,-0.948683321
1086,0.316227764,-0.948683321
1087,0.948683321,0.316227764
1088,-0.948683321,-0.316227764
1089,-0.316227764,0.316227764
1090,0.948683321,0.316227764
1091,0.948683321,0.316227764
1092,-0.948683321,0.316227764
1093,-0.316227764,-0.948683321
1094,0.316227764,0.316227764
1095,-0.316227764,0.948683321
1096,0.948683321,-0.316227764
1097,0.316227764,-0.948683321
1098,0.316227764,0.316227764
1099,-0.316227764,-0.948683321
1100,0.316227764,0.948683321
1101,0.948683321,-0.316227764
1102,-0.316227764,-0.316227764
1103,0.948683321,0.316227764
1104,0.948683321,0.948683321
1105,0.316227764,0.948683321
1106,-0.948683321,-0.316227764
1107,0.316227764,0.316227764
1108,0.948683321,0.316227764
1109,-0.948683321,-0.948683321
1110,-0.316227764,-0.948683321
1111,-0.948683321,0.316227764
1112,0.316227764,0.948683321
1113,0.316227764,-0.948683321
1114,0.948683321,-0.316227764
1115,-0.948683321,-0.948683321
1116,-0.948683321,0.948683321
1117,-0.316227764,0.316227764
1118,-0.316227764,0.948683321
1119,-0.316227764,-0.316227764
1120,0.948683321,-0.948683321
1121,-0.948683321,-0.948683321
1122,-0.948683321,0.316227764
1123,-0.948683321,-0.948683321
1124,0.948683321,-0.948683321
1125,0.948683321,0.948683321
1126,-0.948683321,-0.948683321
1127,0.948683321,-0.948683321
1128,-0.948683321,-0.316227764
1129,0.948683321,0.316227764
1130,-0.948683321,-0.948683321
1131,0.948683321,-0.316227764
1132,0.948683321,0.316227764
1133,-0.316227764,0.948683321
1134,0.316227764,-0.316227764
1135,0.948683321,0.316227764
1136,-0.316227764,-0.948683321
1137,0.316227764,0.948683321
1138,-0.948683321,0.948683321
1139,0.948683321,0.948683321
1140,-0.948683321,0.948683321
1141,0.948683321,0.316227764
1142,-0.948683321,-0.948683321
1143,-0.316227764,-0.316227764
1144,-0.948683321,0.948683321
1145,0.316227764,0.316227764
1146,-0.316227764,0.948683321
1147,-0.948683321,0.316227764
1148,0.316227764,0.316227764
1149,0.948683321,0.948683321
1150,-0.316227764,0.948683321
1151,0.316227764,0.316227764
1152,-0.316227764,-0.316227764
1153,-0.948683321,0.948683321
1154,-0.316227764,-0.316227764
1155,-0.316227764,0.948683321
1156,0.948683321,-0.316227764
1157,-0.948683321,0.316227764
1158,0.316227764,-0.948683321
1159,-0.316227764,-0.948683321
1160,-0.316227764,-0.948683321
1161,0.948683321,-0.948683321
1162,0.948683321,-0.316227764
1163,-0.316227764,0.948683321
1164,-0.316227764,0.316227764
1165,0.948683321,-0.948683321
1166,-0.948683321,0.948683321
1167,-0.316227764,-0.316227764
1168,0.316227764,-0.948683321
1169,-0.316227764,-0.948683321
1170,0.316227764,0.948683321
1171,0.316227764,-0.316227764
1172,-0.316227764,0.948683321
1173,0.948683321,-0.316227764
1174,0.948683321,0.948683321
1175,0.316227764,-0.948683321
1176,-0.948683321,-0.316227764
1177,0.316227764,0.316227764
1178,-0.948683321,0.948683321
1179,0.316227764,0.316227764
1180,-0.948683321,-0.316227764
1181,-0.316227764,0.948683321
1182,-0.316227764,0.316227764
1183,-0.316227764,0.316227764
1184,0.948683321,-0.316227764
1185,0.948683321,-0.316227764
1186,-0.948683321,0.948683321
1187,0.316227764,0.316227764
1188,0.948683321,-0.948683321
1189,-0.948683321,0.948683321
1190,0.948683321,0.316227764
1191,-0.948683321,-0.316227764
1192,0.316227764,-0.948683321
1193,0.948683321,0.316227764
1194,0.316227764,0.316227764
1195,-0.316227764,0.948683321
1196,0.316227764,-0.316227764
1197,-0.948683321,0.316227764
1198,-0.316227764,0.316227764
1199,-0.316227764,-0.948683321
1200,0.948683321,-0.316227764
1201,-0.316227764,0.948683321
1202,0.948683321,-0.948683321
1203,-0.948683321,0.948683321
1204,0.948683321,0.948683321
1205,0.316227764,0.316227764
1206,0.316227764,0.948683321
1207,0.316227764,0.316227764
1208,-0.316227764,-0.316227764
1209,0.316227764,-0.316227764
1210,-0.316227764,0.948683321
1211,0.948683321,0.948683321
1212,0.316227764,0.948683321
1213,0.316227764,0.948683321
1214,0.948683321,-0.316227764
1215,-0.316227764,0.316227764
1216,0.948683321,0.948683321
1217,-0.948683321,-0.316227764
1218,0.948683321,-0.316227764
1219,0.316227764,0.948683321
1220,-0.948683321,-0.948683321
1221,0.948683321,0.948683321
1222,-0.948683321,0.948683321
1223,0.948683321,-0.948683321
1224,-0.948683321,0.948683321
1225,0.948683321,0.316227764
1226,-0.948683321,-0.316227764
1227,0.316227764,-0.316227764
1228,0.948683321,0.948683321
1229,-0.948683321,0.316227764
1230,0.948683321,-0.948683321
1231,-0.316227764,-0.316227764
1232,0.316227764,0.948683321
1233,-0.316227764,0.316227764
1234,0.316227764,0.316227764
1235,0.316227764,-0.316227764
1236,0.948683321,0.948683321
1237,0.316227764,-0.316227764
1238,0.948683321,-0.948683321
1239,0.316227764,0.948683321
1240,0.948683321,0.948683321
1241,-0.316227764,0.948683321
1242,-0.948683321,-0.948683321
1243,-0.316227764,-0.316227764
1244,-0.948683321,-0.316227764
1245,-0.316227764,0.316227764
1246,0.948683321,-0.316227764
1247,-0.316227764,0.316227764
1248,-0.316227764,-0.316227764
1249,0.316227764,0.948683321
1250,0.316227764,-0.316227764
1251,-0.948683321,0.316227764
1252,0.948683321,-0.948683321
1253,0.948683321,0.316227764
1254,-0.948683321,-0.316227764
1255,-0.316227764,0.316227764
1256,0.316227764,-0.948683321
1257,-0.948683321,0.948683321
1258,-0.316227764,0.316227764
1259,0.948683321,-0.948683321
1260,-0.948683321,0.948683321
1261,0.316227764,0.316227764
1262,0.948683321,0.316227764
1263,-0.316227764,0.316227764
1264,-0.316227764,-0.948683321
1265,0.316227764,-0.948683321
1266,0.316227764,-0.948683321
1267,-0.316227764,-0.316227764
1268,0.316227764,0.948683321
1269,-0.316227764,-0.316227764
1270,0.948683321,-0.948683321
1271,0.316227764,0.316227764
1272,0.316227764,-0.316227764
1273,-0.316227764,-0.948683321
1274,-0.948683321,0.316227764
1275,0.948683321,0.948683321
1276,0.316227764,-0.948683321
1277,-0.948683321,0.948683321
1278,-0.316227764,-0.316227764
1279,0.316227764,0.948683321
1280,0.316227764,-0.948683321
1281,0.948683321,0.316227764
1282,-0.316227764,0.948683321
1283,-0.316227764,0.948683321
1284,0.948683321,-0.316227764
1285,-0.948683321,-0.948683321
1286,0.948683321,0.316227764
1287,0.948683321,0.948683321
1288,0.316227764,0.948683321
1289,-0.948683321,0.948683321
1290,-0.948683321,-0.948683321
1291,-0.316227764,0.948683321
1292,-0.948683321,-0.316227764
1293,-0.316227764,-0.316227764
1294,0.316227764,-0.316227764
1295,-0.316227764,-0.316227764
1296,-0.316227764,-0.948683321
1297,0.316227764,0.316227764
1298,-0.948683321,-0.316227764
1299,-0.948683321,0.316227764
1300,0.948683321,-0.948683321
1301,0.316227764,-0.316227764
1302,-0.948683321,-0.948683321
1303,0.948683321,-0.948683321
1304,-0.948683321,-0.948683321
1305,0.948683321,-0.948683321
1306,0.316227764,0.948683321
1307,0.948683321,0.948683321
1308,-0.948683321,-0.948683321
1309,0.948683321,-0.948683321
1310,-0.948683321,-0.948683321
1311,0.316227764,-0.948683321
1312,-0.948683321,0.316227764
1313,-0.316227764,-0.316227764
1314,0.948683321,0.316227764
1315,0.316227764,-0.948683321
1316,-0.948683321,-0.316227764
1317,0.316227764,-0.948683321
1318,0.316227764,0.948683321
1319,-0.316227764,0.316227764
1320,-0.316227764,-0.316227764
1321,0.316227764,0.948683321
1322,0.948683321,0.316227764
1323,0.948683321,-0.316227764
1324,0.316227764,0.316227764
1325,-0.316227764,-0.948683321
1326,-0.316227764,-0.948683321
1327,0.316227764,0.316227764
1328,0.316227764,-0.316227764
1329,-0.316227764,0.316227764
1330,0.316227764,-0.316227764
1331,-0.948683321,-0.316227764
1332,0.948683321,0.948683321
1333,0.948683321,-0.316227764
1334,0.316227764,-0.948683321
1335,-0.316227764,-0.316227764
1336,0.316227764,-0.316227764
1337,0.948683321,-0.316227764
1338,0.316227764,0.948683321
1339,-0.948683321,-0.948683321
1340,0.948683321,0.316227764
1341,-0.316227764,0.316227764
1342,-0.316227764,-0.948683321
1343,-0.316227764,-0.316227764
1344,-0.948683321,-0.948683321
1345,-0.948683321,0.948683321
1346,-0.316227764,-0.316227764
1347,-0.948683321,0.948683321
1348,0.948683321,-0.316227764
1349,-0.316227764,-0.948683321
1350,-0.316227764,-0.316227764
1351,-0.316227764,-0.948683321
1352,-0.948683321,-0.948683321
1353,-0.948683321,-0.316227764
1354,-0.316227764,-0.948683321
1355,0.316227764,0.948683321
1356,-0.948683321,0.316227764
1357,0.316227764,0.316227764
1358,0.948683321,0.948683321
1359,-0.948683321,-0.316227764
1360,0.948683321,-0.316227764
1361,0.316227764,-0.316227764
1362,-0.948683321,-0.316227764
1363,0.948683321,0.316227764
1364,-0.316227764,-0.948683321
1365,0.948683321,-0.316227764
1366,-0.316227764,0.948683321
1367,0.948683321,-0.316227764
1368,-0.948683321,0.948683321
1369,-0.948683321,0.948683321
1370,-0.948683321,-0.316227764
1371,0.948683321,-0.948683321
1372,0.948683321,-0.316227764
1373,-0.316227764,0.316227764
1374,-0.948683321,0.316227764
1375,0.316227764,0.316227764
1376,-0.316227764,-0.948683321
1377,-0.316227764,0.316227764
1378,0.948683321,0.948683321
1379,-0.948683321,0.316227764
1380,-0.948683321,0.316227764
1381,-0.948683321,-0.948683321
1382,-0.316227764,0.316227764
1383,-0.316227764,0.948683321
1384,0.948683321,-0.316227764
1385,-0.948683321,-0.316227764
1386,-0.316227764,0.316227764
1387,-0.948683321,0.316227764
1388,0.948683321,0.316227764
1389,-0.948683321,-0.316227764
1390,-0.948683321,-0.948683321
1391,-0.948683321,-0.948683321
1392,0.316227764,-0.316227764
1393,0.948683321,0.316227764
1394,0.316227764,-0.316227764
1395,-0.948683321,-0.948683321
1396,0.948683321,0.316227764
1397,0.948683321,0.948683321
1398,-0.316227764,-0.948683321
1399,-0.948683321,-0.316227764
1400,-0.316227764,0.316227764
1401,-0.316227764,0.948683321
1402,-0.316227764,-0.948683321
1403,0.948683321,0.948683321
1404,-0.948683321,0.948683321
1405,0.948683321,0.948683321
1406,-0.948683321,-0.948683321
1407,0.316227764,0.316227764
1408,-0.316227764,0.316227764
1409,0.948683321,-0.316227764
1410,0.316227764,-0.316227764
1411,0.948683321,0.948683321
1412,-0.948683321,-0.316227764
1413,0.948683321,-0.316227764
1414,0.316227764,0.948683321
1415,0.316227764,-0.948683321
1416,0.316227764,0.948683321
1417,0.948683321,0.948683321
1418,-0.948683321,-0.316227764
1419,0.316227764,-0.316227764
1420,-0.948683321,0.948683321
1421,-0.316227764,0.948683321
1422,-0.316227764,-0.948683321
1423,-0.316227764,0.316227764
1424,-0.948683321,-0.948683321
1425,-0.316227764,0.948683321
1426,0.316227764,-0.316227764
1427,-0.316227764,-0.948683321
1428,-0.948683321,0.316227764
1429,0.316227764,0.316227764
1430,-0.948683321,0.316227764
1431,-0.948683321,-0.316227764
1432,0.948683321,-0.316227764
1433,0.316227764,0.948683321
1434,-0.316227764,-0.316227764
1435,0.316227764,-0.316227764
1436,-0.948683321,-0.948683321
1437,0.948683321,-0.316227764
1438,-0.948683321,0.948683321
1439,-0.948683321,-0.948683321
1440,-0.316227764,0.316227764
1441,0.948683321,-0.948683321
1442,0.316227764,-0.948683321
1443,-0.316227764,-0.948683321
1444,-0.948683321,0.948683321
1445,0.316227764,-0.316227764
1446,-0.316227764,-0.948683321
1447,-0.948683321,-0.948683321
1448,-0.316227764,-0.316227764
1449,-0.948683321,-0.948683321
1450,-0.316227764,-0.948683321
1451,-0.316227764,-0.316227764
1452,0.316227764,0.948683321
1453,0.316227764,-0.948683321
1454,0.948683321,-0.316227764
1455,-0.316227764,0.948683321
1456,-0.316227764,-0.948683321
1457,0.316227764,0.948683321
1458,-0.948683321,-0.316227764
1459,-0.316227764,0.948683321
1460,0.948683321,0.316227764
1461,-0.316227764,-0.948683321
1462,-0.316227764,0.948683321
1463,0.316227764,0.316227764
1464,0.316227764,0.316227764
1465,-0.316227764,0.948683321
1466,-0.316227764,-0.948683321
1467,-0.316227764,-0.316227764
1468,-0.948683321,0.948683321
1469,0.948683321,0.948683321
1470,-0.316227764,-0.948683321
1471,0.948683321,-0.316227764
1472,0.948683321,-0.948683321
1473,0.316227764,0.316227764
1474,-0.948683321,-0.316227764
1475,-0.948683321,0.948683321
1476,-0.316227764,0.948683321
1477,0.948683321,0.948683321
1478,0.316227764,-0.316227764
1479,0.948683321,-0.948683321
1480,-0.948683321,-0.948683321
1481,-0.948683321,-0.948683321
1482,-0.948683321,-0.948683321
1483,0.316227764,0.948683321
1484,-0.316227764,-0.948683321
1485,-0.316227764,0.948683321
1486,-0.316227764,0.316227764
1487,0.316227764,-0.948683321
1488,-0.316227764,0.316227764
1489,-0.948683321,0.316227764
1490,-0.948683321,-0.316227764
1491,-0.316227764,-0.948683321
1492,0.316227764,-0.948683321
1493,0.948683321,0.316227764
1494,0.948683321,-0.316227764
1495,-0.316227764,0.316227764
1496,-0.316227764,0.316227764
1497,0.316227764,-0.316227764
1498,-0.948683321,-0.316227764
1499,-0.316227764,-0.316227764
1500,0.948683321,-0.948683321
1501,-0.948683321,0.948683321
1502,0.948683321,0.316227764
1503,-0.948683321,0.948683321
1504,-0.948683321,-0.316227764
1505,-0.948683321,0.316227764
1506,-0.316227764,0.948683321
1507,0.316227764,0.948683321
1508,0.316227764,-0.316227764
1509,0.316227764,-0.316227764
1510,0.948683321,0.948683321
1511,0.316227764,-0.948683321
1512,-0.948683321,-0.948683321
1513,0.948683321,-0.948683321
1514,0.316227764,0.948683321
1515,0.948683321,-0.316227764
1516,-0.948683321,-0.948683321
1517,0.316227764,0.316227764
1518,-0.948683321,-0.316227764
1519,0.316227764,-0.316227764
1520,0.316227764,-0.316227764
1521,-0.316227764,-0.948683321
1522,-0.948683321,0.316227764
1523,-0.948683321,-0.316227764
1524,-0.316227764,-0.316227764
1525,0.316227764,-0.316227764
1526,-0.948683321,-0.948683321
1527,-0.316227764,0.316227764
1528,0.316227764,-0.948683321
1529,0.948683321,-0.948683321
1530,0.316227764,-0.316227764
1531,0.316227764,0.316227764
1532,-0.948683321,0.316227764
1533,-0.948683321,0.948683321
1534,-0.316227764,-0.948683321
1535,-0.948683321,-0.948683321
1536,-0.948683321,0.316227764
1537,-0.948683321,0.316227764
1538,-0.948683321,0.948683321
1539,-0.316227764,-0.948683321
1540,-0.316227764,0.316227764
1541,-0.948683321,-0.316227764
1542,-0.948683321,0.948683321
1543,-0.948683321,0.316227764
1544,0.948683321,0.316227764
1545,0.316227764,0.316227764
1546,-0.316227764,-0.948683321
1547,-0.948683321,-0.948683321
1548,0.316227764,0.316227764
1549,-0.948683321,-0.316227764
1550,0.948683321,0.316227764
1551,-0.316227764,0.316227764
1552,0.316227764,-0.948683321
1553,-0.316227764,0.948683321
1554,0.316227764,0.316227764
1555,0.316227764,0.316227764
1556,-0.948683321,-0.316227764
1557,0.948683321,0.316227764
1558,0.948683321,0.948683321
1559,0.316227764,0.948683321
1560,0.316227764,-0.316227764
1561,0.316227764,-0.316227764
1562,0.316227764,-0.316227764
1563,-0.316227764,0.316227764
1564,-0.948683321,-0.948683321
1565,-0.316227764,0.316227764
1566,0.316227764,-0.948683321
1567,-0.316227764,-0.316227764
1568,0.948683321,-0.948683321
1569,0.316227764,-0.948683321
1570,-0.316227764,-0.948683321
1571,0.948683321,0.316227764
1572,0.948683321,0.316227764
1573,-0.316227764,-0.948683321
1574,-0.948683321,-0.316227764
1575,-0.316227764,-0.948683321
1576,-0.948683321,0.316227764
1577,0.948683321,0.316227764
1578,-0.948683321,-0.948683321
1579,-0.948683321,0.948683321
1580,-0.948683321,0.948683321
1581,0.948683321,-0.316227764
1582,-0.948683321,-0.948683321
1583,-0.316227764,0.948683321
1584,-0.316227764,-0.316227764
1585,0.316227764,-0.316227764
1586,0.948683321,-0.316227764
1587,-0.948683321,-0.948683321
1588,0.316227764,-0.316227764
1589,-0.948683321,-0.316227764
1590,-0.948683321,-0.316227764
1591,-0.948683321,-0.316227764
1592,-0.948683321,0.948683321
1593,0.316227764,-0.948683321
1594,-0.948683321,-0.948683321
1595,0.316227764,0.948683321
1596,-0.948683321,0.948683321
1597,-0.316227764,-0.948683321
1598,0.948683321,0.948683321
1599,-0.948683321,-0.316227764
1600,-0.948683321,0.948683321
1601,0.316227764,-0.948683321
1602,-0.948683321,0.948683321
1603,0.316227764,-0.316227764
1604,0.316227764,0.948683321
1605,0.948683321,-0.948683321
1606,0.316227764,-0.948683321
1607,0.948683321,-0.316227764
1608,-0.948683321,0.948683321
1609,-0.316227764,-0.316227764
1610,-0.948683321,-0.316227764
1611,0.316227764,0.948683321
1612,0.316227764,0.316227764
1613,-0.316227764,-0.316227764
1614,-0.316227764,0.948683321
1615,-0.316227764,0.948683321
1616,-0.316227764,0.948683321
1617,-0.316227764,0.316227764
1618,-0.948683321,-0.948683321
1619,-0.948683321,-0.948683321
1620,0.948683321,0.948683321
1621,0.948683321,-0.316227764
1622,0.948683321,-0.948683321
1623,-0.948683321,0.948683321
1624,0.948683321,-0.316227764
1625,-0.316227764,0.316227764
1626,0.316227764,-0.948683321
1627,-0.316227764,0.948683321
1628,0.948683321,-0.316227764
1629,-0.948683321,-0.316227764
1630,-0.948683321,0.316227764
1631,0.316227764,0.948683321
1632,0.948683321,0.316227764
1633,0.948683321,0.948683321
1634,-0.948683321,0.948683321
1635,0.316227764,-0.948683321
1636,-0.948683321,-0.316227764
1637,0.948683321,0.316227764
1638,0.948683321,-0.948683321
1639,-0.316227764,0.948683321
1640,0.948683321,0.948683321
1641,0.948683321,-0.316227764
1642,0.948683321,0.316227764
1643,0.948683321,-0.316227764
1644,0.948683321,-0.316227764
1645,0.948683321,-0.316227764
1646,-0.948683321,-0.948683321
1647,0.316227764,0.316227764
1648,-0.948683321,-0.948683321
1649,-0.948683321,0.948683321
1650,-0.316227764,0.316227764
1651,-0.948683321,-0.948683321
1652,-0.948683321,0.316227764
1653,-0.316227764,0.316227764
1654,-0.948683321,-0.948683321
1655,-0.316227764,0.948683321
1656,0.948683321,-0.948683321
1657,-0.948683321,0.948683321
1658,-0.316227764,0.316227764
1659,0.948683321,0.948683321
1660,-0.316227764,-0.316227764
1661,-0.948683321,0.316227764
1662,0.316227764,0.948683321
1663,0.316227764,0.948683321
1664,0.316227764,-0.948683321
1665,0.948683321,-0.316227764
1666,-0.316227764,-0.316227764
1667,-0.948683321,-0.948683321
1668,-0.316227764,-0.948683321
1669,-0.948683321,-0.948683321
1670,-0.948683321,-0.316227764
1671,0.316227764,-0.316227764
1672,0.316227764,-0.948683321
1673,0.316227764,-0.948683321
1674,0.948683321,0.948683321
1675,0.316227764,0.948683321
1676,-0.948683321,-0.316227764
1677,-0.316227764,0.316227764
1678,-0.948683321,0.948683321
1679,-0.316227764,-0.948683321
1680,-0.316227764,0.948683321
1681,0.948683321,-0.948683321
1682,-0.948683321,-0.316227764
1683,-0.948683321,0.948683321
1684,-0.948683321,-0.948683321
1685,0.948683321,0.948683321
1686,-0.316227764,-0.948683321
1687,0.948683321,0.948683321
1688,-0.316227764,-0.316227764
1689,0.948683321,-0.316227764
1690,0.316227764,-0.316227764
1691,-0.316227764,-0.948683321
1692,0.948683321,0.948683321
1693,-0.948683321,0.316227764
1694,-0.948683321,0.948683321
1695,0.948683321,-0.316227764
1696,-0.948683321,-0.948683321
1697,0.948683321,-0.316227764
1698,0.316227764,0.316227764
1699,-0.948683321,0.316227764
1700,-0.948683321,-0.316227764
1701,0.948683321,0.316227764
1702,-0.316227764,0.948683321
1703,0.948683321,0.316227764
1704,-0.948683321,0.316227764
1705,0.316227764,-0.316227764
1706,0.316227764,-0.316227764
1707,-0.316227764,0.948683321
1708,-0.316227764,-0.948683321
1709,-0.948683321,-0.316227764
1710,-0.316227764,0.316227764
1711,-0.948683321,0.948683321
1712,-0.948683321,-0.316227764
1713,-0.948683321,-0.948683321
1714,-0.316227764,-0.316227764
1715,0.316227764,0.948683321
1716,0.948683321,-0.948683321
1717,0.316227764,0.948683321
1718,-0.316227764,-0.316227764
1719,0.948683321,-0.948683321
1720,0.316227764,-0.316227764
1721,0.316227764,0.948683321
1722,0.316227764,-0.948683321
1723,0.948683321,0.948683321
1724,-0.948683321,-0.948683321
1725,-0.316227764,-0.316227764
1726,0.316227764,-0.316227764
1727,-0.316227764,-0.948683321
1728,-0.948683321,-0.948683321
1729,-0.948683321,-0.948683321
1730,-0.316227764,0.316227764
1731,0.948683321,0.948683321
1732,-0.316227764,0.948683321
1733,-0.316227764,0.316227764
1734,-0.948683321,-0.948683321
1735,0.948683321,0.948683321
1736,0.948683321,0.948683321
1737,0.316227764,0.316227764
1738,0.316227764,-0.948683321
1739,-0.948683321,-0.316227764
1740,-0.948683321,-0.316227764
1741,-0.948683321,0.316227764
1742,-0.948683321,-0.948683321
1743,0.316227764,0.948683321
1744,0.948683321,0.948683321
1745,-0.316227764,0.948683321
1746,0.316227764,0.948683321
1747,0.948683321,0.948683321
1748,-0.948683321,0.948683321
1749,-0.948683321,0.948683321
1750,-0.316227764,0.948683321
1751,-0.316227764,0.948683321
1752,0.948683321,-0.316227764
1753,-0.316227764,0.316227764
1754,0.316227764,-0.316227764
1755,-0.316227764,0.316227764
1756,0.316227764,0.316227764
1757,-0.316227764,0.316227764
1758,0.316227764,0.948683321
1759,0.316227764,-0.316227764
1760,0.316227764,0.316227764
1761,-0.316227764,0.948683321
1762,-0.948683321,0.948683321
1763,-0.948683321,-0.316227764
1764,-0.316227764,0.316227764
1765,0.316227764,0.316227764
1766,0.316227764,-0.948683321
1767,-0.948683321,-0.316227764
1768,0.316227764,0.948683321
1769,0.948683321,0.316227764
1770,-0.948683321,-0.316227764
1771,0.948683321,-0.948683321
1772,-0.948683321,-0.948683321
1773,-0.948683321,-0.948683321
1774,-0.316227764,-0.316227764
1775,0.316227764,-0.316227764
1776,0.948683321,-0.316227764
1777,0.316227764,-0.948683321
1778,0.948683321,0.948683321
1779,0.948683321,0.948683321
1780,0.948683321,-0.316227764
1781,0.948683321,-0.316227764
1782,0.316227764,-0.316227764
1783,-0.948683321,0.948683321
1784,-0.948683321,-0.948683321
1785,0.316227764,0.948683321
1786,-0.948683321,-0.948683321
1787,0.316227764,0.948683321
1788,-0.948683321,-0.316227764
1789,0.948683321,-0.316227764
1790,0.316227764,0.948683321
1791,0.316227764,0.948683321
1792,0.316227764,-0.316227764
1793,-0.316227764,-0.948683321
1794,-0.948683321,-0.316227764
1795,-0.948683321,-0.948683321
1796,0.948683321,-0.948683321
1797,0.948683321,0.948683321
1798,0.316227764,0.316227764
1799,-0.948683321,0.316227764
1800,-0.948683321,-0.316227764
1801,0.948683321,-0.316227764
1802,-0.316227764,0.948683321
1803,0.316227764,0.948683321
1804,0.316227764,0.948683321
1805,-0.316227764,0.948683321
1806,0.316227764,0.948683321
1807,-0.316227764,0.316227764
1808,0.948683321,-0.948683321
1809,-0.316227764,0.948683321
1810,-0.948683321,-0.948683321
1811,0.316227764,-0.316227764
1812,-0.316227764,0.316227764
1813,0.948683321,0.316227764
1814,-0.316227764,-0.948683321
1815,-0.316227764,0.316227764
1816,0.316227764,-0.948683321
1817,-0.316227764,0.316227764
1818,-0.948683321,-0.316227764
1819,-0.948683321,0.316227764
1820,0.948683321,-0.948683321
1821,0.948683321,-0.316227764
1822,0.948683321,-0.948683321
1823,-0.316227764,0.316227764
1824,0.948683321,0.316227764
1825,0.316227764,-0.948683321
1826,-0.316227764,-0.948683321
1827,-0.316227764,0.316227764
1828,0.948683321,0.316227764
1829,0.948683321,0.948683321
1830,0.316227764,-0.948683321
1831,-0.316227764,0.948683321
1832,-0.948683321,-0.948683321
1833,-0.316227764,0.316227764
1834,-0.948683321,-0.948683321
1835,0.316227764,0.316227764
1836,-0.948683321,0.316227764
1837,-0.948683321,0.316227764
1838,-0.316227764,-0.948683321
1839,-0.948683321,-0.948683321
1840,-0.948683321,-0.948683321
1841,-0.948683321,-0.316227764
1842,-0.948683321,-0.948683321
1843,0.948683321,0.948683321
1844,0.316227764,-0.316227764
1845,0.316227764,0.316227764
1846,0.316227764,0.316227764
1847,0.316227764,0.948683321
1848,0.316227764,0.316227764
1849,0.316227764,-0.948683321
1850,-0.948683321,0.948683321
1851,0.948683321,0.948683321
1852,-0.948683321,0.948683321
1853,0.316227764,0.948683321
1854,-0.316227764,-0.948683321
1855,-0.316227764,0.948683321
1856,0.316227764,0.316227764
1857,-0.948683321,0.316227764
1858,0.316227764,0.948683321
1859,0.948683321,-0.316227764
1860,0.948683321,-0.316227764
1861,0.948683321,-0.316227764
1862,0.948683321,0.316227764
1863,-0.316227764,-0.948683321
1864,-0.316227764,0.316227764
1865,-0.948683321,0.316227764
1866,0.948683321,0.316227764
1867,-0.948683321,-0.316227764
1868,0.316227764,-0.316227764
1869,0.948683321,0.316227764
1870,0.948683321,-0.948683321
1871,-0.316227764,0.316227764
1872,-0.948683321,0.316227764
1873,0.316227764,0.948683321
1874,-0.948683321,0.316227764
1875,-0.316227764,0.316227764
1876,-0.948683321,-0.316227764
1877,-0.316227764,-0.316227764
1878,0.948683321,-0.316227764
1879,-0.948683321,-0.316227764
1880,-0.316227764,-0.316227764
1881,-0.948683321,-0.948683321
1882,-0.948683321,0.948683321
1883,-0.948683321,-0.316227764
1884,-0.316227764,0.948683321
1885,0.948683321,-0.948683321
1886,-0.948683321,0.316227764
1887,-0.948683321,-0.316227764
1888,-0.948683321,0.316227764
1889,-0.948683321,-0.316227764
1890,0.316227764,0.316227764
1891,0.316227764,0.316227764
1892,-0.948683321,0.316227764
1893,-0.316227764,0.948683321
1894,-0.316227764,0.948683321
1895,0.316227764,-0.316227764
1896,-0.316227764,-0.948683321
1897,0.948683321,-0.948683321
1898,-0.948683321,-0.948683321
1899,0.316227764,0.948683321
1900,-0.316227764,-0.948683321
1901,0.948683321,0.948683321
1902,0.316227764,-0.948683321
1903,-0.316227764,0.948683321
1904,-0.316227764,-0.316227764
1905,0.316227764,-0.316227764
1906,0.948683321,0.948683321
1907,-0.948683321,-0.948683321
1908,0.948683321,-0.948683321
1909,0.316227764,-0.948683321
1910,-0.316227764,0.316227764
1911,0.316227764,0.948683321
1912,-0.948683321,-0.948683321
1913,0.948683321,0.316227764
1914,-0.316227764,-0.316227764
1915,-0.316227764,-0.316227764
1916,0.316227764,0.948683321
1917,-0.316227764,0.316227764
1918,0.948683321,0.316227764
1919,0.316227764,0.948683321
1920,-0.316227764,-0.948683321
1921,0.948683321,-0.316227764
1922,-0.948683321,0.316227764
1923,0.948683321,0.948683321
1924,-0.948683321,0.948683321
1925,0.316227764,-0.948683321
1926,0.948683321,-0.948683321
1927,0.316227764,0.316227764
1928,0.316227764,0.948683321
1929,-0.316227764,0.316227764
1930,-0.316227764,-0.316227764
1931,-0.316227764,0.316227764
1932,0.316227764,0.316227764
1933,0.948683321,0.316227764
1934,0.316227764,0.316227764
1935,-0.948683321,0.948683321
1936,0.948683321,0.316227764
1937,0.948683321,-0.948683321
1938,-0.948683321,-0.948683321
1939,0.316227764,0.316227764
1940,0.316227764,-0.948683321
1941,-0.316227764,0.316227764
1942,-0.316227764,0.948683321
1943,-0.948683321,-0.948683321
1944,-0.316227764,0.948683321
1945,-0.948683321,-0.948683321
1946,0.948683321,-0.316227764
1947,0.316227764,-0.316227764
1948,-0.948683321,-0.316227764
1949,0.316227764,-0.948683321
1950,0.948683321,0.948683321
1951,-0.948683321,-0.316227764
1952,-0.316227764,0.316227764
1953,-0.948683321,-0.948683321
1954,-0.948683321,-0.948683321
1955,0.316227764,-0.948683321
1956,-0.316227764,-0.316227764
1957,0.316227764,0.316227764
1958,-0.316227764,0.948683321
1959,0.316227764,0.316227764
1960,0.316227764,-0.316227764
1961,0.316227764,0.948683321
1962,-0.316227764,0.948683321
1963,0.948683321,-0.316227764
1964,-0.316227764,-0.316227764
1965,-0.948683321,-0.316227764
1966,0.948683321,0.948683321
1967,-0.316227764,-0.948683321
1968,0.316227764,-0.948683321
1969,-0.948683321,0.316227764
1970,-0.948683321,-0.948683321
1971,-0.316227764,-0.948683321
1972,-0.948683321,-0.316227764
1973,-0.316227764,-0.948683321
1974,-0.948683321,0.948683321
1975,-0.948683321,-0.316227764
1976,-0.948683321,0.948683321
1977,0.316227764,0.316227764
1978,0.316227764,-0.316227764
1979,-0.316227764,-0.316227764
1980,-0.948683321,0.316227764
1981,-0.948683321,0.948683321
1982,0.948683321,-0.316227764
1983,-0.316227764,0.948683321
1984,-0.948683321,0.316227764
1985,0.948683321,0.948683321
1986,-0.948683321,-0.316227764
1987,0.948683321,0.948683321
1988,0.948683321,0.948683321
1989,0.948683321,-0.316227764
1990,-0.948683321,0.948683321
1991,0.948683321,-0.948683321
1992,0.948683321,0.316227764
1993,-0.948683321,0.316227764
1994,0.316227764,-0.316227764
1995,-0.316227764,0.316227764
1996,-0.948683321,0.948683321
1997,0.316227764,0.316227764
1998,-0.948683321,-0.316227764
1999,-0.316227764,0.316227764
2000,-0.316227764,0.948683321
2001,0.948683321,-0.948683321
2002,-0.948683321,-0.316227764
2003,0.948683321,-0.316227764
2004,0.948683321,0.948683321
2005,0.948683321,0.948683321
2006,0.948683321,-0.948683321
2007,-0.948683321,0.316227764
2008,0.948683321,-0.316227764
2009,0.316227764,0.948683321
2010,0.948683321,0.316227764
2011,-0.316227764,-0.316227764
2012,-0.316227764,0.948683321
2013,0.948683321,0.948683321
2014,0.948683321,0.948683321
2015,-0.316227764,-0.316227764
2016,0.948683321,0.948683321
2017,0.316227764,0.948683321
2018,0.316227764,0.948683321
2019,-0.948683321,-0.316227764
2020,-0.316227764,-0.316227764
2021,0.948683321,0.948683321
2022,0.948683321,0.316227764
2023,0.316227764,-0.948683321
2024,-0.948683321,0.948683321
2025,0.316227764,-0.948683321
2026,0.948683321,0.948683321
2027,0.316227764,-0.948683321
2028,0.316227764,-0.948683321
2029,0.316227764,-0.316227764
2030,-0.316227764,0.948683321
2031,-0.948683321,-0.316227764
2032,-0.316227764,0.316227764
2033,0.316227764,0.316227764
2034,0.316227764,-0.316227764
2035,0.316227764,0.948683321
2036,0.316227764,-0.948683321
2037,-0.316227764,0.948683321
2038,-0.948683321,-0.948683321
2039,-0.316227764,-0.948683321
2040,0.948683321,-0.948683321
2041,0.316227764,0.948683321
2042,-0.948683321,-0.316227764
2043,-0.316227764,0.948683321
2044,0.316227764,0.948683321
2045,-0.948683321,-0.948683321
2046,-0.948683321,-0.948683321
2047,-0.948683321,0.948683321
2048,0.316227764,0.316227764
2049,0.948683321,0.948683321
2050,0.316227764,0.316227764
2051,0.948683321,0.316227764
2052,-0.948683321,0.316227764
2053,-0.948683321,0.316227764
2054,-0.316227764,0.316227764
2055,-0.316227764,-0.316227764
2056,0.948683321,-0.948683321
2057,-0.316227764,-0.948683321
2058,0.316227764,0.948683321
2059,0.948683321,0.316227764
2060,0.316227764,0.316227764
2061,-0.948683321,0.316227764
2062,0.316227764,0.948683321
2063,-0.948683321,-0.948683321
2064,0.316227764,-0.316227764
2065,-0.316227764,0.316227764
2066,0.316227764,0.316227764
2067,0.316227764,0.948683321
2068,-0.316227764,0.316227764
2069,0.948683321,0.316227764
2070,0.316227764,0.316227764
2071,0.948683321,0.948683321
2072,0.316227764,0.316227764
2073,0.316227764,-0.948683321
2074,-0.948683321,-0.948683321
2075,0.948683321,-0.948683321
2076,-0.948683321,0.316227764
2077,-0.948683321,0.948683321
2078,0.316227764,0.948683321
2079,-0.316227764,0.948683321
2080,0.316227764,-0.948683321
2081,-0.948683321,-0.948683321
2082,0.948683321,0.948683321
2083,-0.316227764,0.948683321
2084,-0.316227764,-0.948683321
2085,0.316227764,-0.948683321
2086,0.316227764,0.948683321
2087,0.316227764,0.948683321
2088,-0.316227764,0.948683321
2089,-0.948683321,0.316227764
2090,0.316227764,0.316227764
2091,-0.316227764,0.948683321
2092,-0.948683321,0.316227764
2093,0.948683321,-0.948683321
2094,-0.948683321,-0.316227764
2095,-0.316227764,-0.316227764
2096,0.948683321,-0.316227764
2097,0.316227764,-0.948683321
2098,0.316227764,-0.316227764
2099,-0.316227764,-0.316227764
2100,-0.316227764,0.948683321
2101,0.316227764,-0.948683321
2102,0.948683321,0.948683321
2103,-0.316227764,0.316227764
2104,-0.316227764,0.316227764
2105,0.948683321,0.948683321
2106,-0.316227764,-0.948683321
2107,0.948683321,-0.948683321
2108,0.316227764,0.948683321
2109,0.948683321,-0.316227764
2110,0.948683321,0.948683321
2111,-0.948683321,-0.948683321
2112,0.316227764,0.316227764
2113,-0.948683321,-0.948683321
2114,-0.948683321,0.316227764
2115,-0.316227764,-0.948683321
2116,-0.948683321,-0.316227764
2117,-0.316227764,-0.316227764
2118,-0.316227764,-0.948683321
2119,0.948683321,-0.948683321
2120,0.316227764,-0.948683321
2121,-0.948683321,0.948683321
2122,0.316227764,0.948683321
2123,0.948683321,0.948683321
2124,-0.316227764,-0.948683321
2125,0.948683321,0.948683321
2126,0.948683321,0.948683321
2127,-0.948683321,-0.948683321
2128,-0.948683321,0.316227764
2129,-0.316227764,-0.948683321
2130,-0.948683321,0.948683321
2131,-0.948683321,-0.316227764
2132,-0.316227764,0.948683321
2133,-0.316227764,0.316227764
2134,-0.948683321,0.948683321
2135,0.948683321,0.316227764
2136,0.316227764,-0.948683321
2137,-0.948683321,0.948683321
2138,0.948683321,0.948683321
2139,0.316227764,0.948683321
2140,-0.316227764,-0.948683321
2141,-0.316227764,-0.316227764
2142,-0.948683321,-0.948683321
2143,0.948683321,-0.316227764
2144,-0.316227764,0.948683321
2145,-0.316227764,-0.948683321
2146,-0.948683321,0.316227764
2147,0.316227764,0.948683321
2148,0.316227764,-0.316227764
2149,0.316227764,-0.948683321
2150,-0.948683321,0.948683321
2151,0.948683321,-0.948683321
2152,-0.948683321,0.948683321
2153,0.948683321,0.316227764
2154,0.316227764,-0.316227764
2155,-0.316227764,0.316227764
2156,0.948683321,-0.948683321
2157,0.948683321,-0.948683321
2158,-0.316227764,-0.316227764
2159,0.316227764,-0.316227764
2160,-0.948683321,0.316227764
2161,-0.316227764,-0.948683321
2162,-0.948683321,0.948683321
2163,0.948683321,0.316227764
2164,-0.316227764,0.948683321
2165,-0.948683321,0.948683321
2166,-0.948683321,-0.316227764
2167,0.316227764,0.948683321
2168,-0.948683321,0.316227764
2169,0.316227764,0.948683321
2170,0.316227764,0.948683321
2171,0.948683321,-0.948683321
2172,-0.316227764,-0.948683321
2173,-0.316227764,-0.316227764
2174,-0.316227764,-0.316227764
2175,-0.316227764,0.948683321
2176,-0.316227764,0.316227764
2177,0.948683321,0.316227764
2178,0.948683321,-0.948683321
2179,0.316227764,-0.316227764
2180,-0.948683321,0.948683321
2181,0.316227764,-0.948683321
2182,-0.948683321,0.316227764
2183,-0.316227764,-0.316227764
2184,-0.948683321,0.948683321
2185,-0.948683321,0.948683321
2186,-0.316227764,-0.948683321
2187,0.948683321,0.948683321
2188,0.948683321,0.948683321
2189,-0.948683321,0.316227764
2190,-0.948683321,-0.316227764
2191,-0.948683321,0.316227764
2192,-0.316227764,-0.948683321
2193,0.948683321,0.948683321
2194,0.948683321,0.316227764
2195,0.316227764,-0.948683321
2196,0.316227764,0.948683321
2197,0.316227764,0.948683321
2198,-0.316227764,0.316227764
2199,-0.316227764,-0.316227764
2200,-0.316227764,-0.316227764
2201,0.948683321,-0.948683321
2202,-0.948683321,-0.316227764
2203,0.316227764,0.948683321
2204,0.948683321,-0.316227764
2205,-0.316227764,-0.316227764
2206,-0.948683321,-0.948683321
2207,-0.316227764,-0.948683321
2208,-0.948683321,-0.316227764
2209,-0.316227764,0.948683321
2210,0.316227764,-0.316227764
2211,-0.948683321,-0.316227764
2212,-0.316227764,-0.948683321
2213,0.948683321,-0.948683321
2214,0.316227764,0.948683321
2215,-0.948683321,-0.316227764
2216,0.948683321,-0.948683321
2217,-0.316227764,-0.316227764
2218,0.316227764,-0.948683321
2219,0.316227764,0.316227764
2220,-0.948683321,-0.948683321
2221,0.948683321,0.948683321
2222,-0.316227764,-0.948683321
2223,-0.948683321,0.948683321
2224,-0.948683321,-0.948683321
2225,-0.316227764,-0.948683321
2226,-0.948683321,-0.316227764
2227,0.948683321,0.316227764
2228,-0.316227764,-0.948683321
2229,0.948683321,-0.316227764
2230,-0.316227764,-0.948683321
2231,0.316227764,0.316227764
2232,0.316227764,-0.948683321
2233,-0.316227764,0.316227764
2234,0.316227764,0.948683321
2235,0.316227764,-0.948683321
2236,-0.316227764,-0.948683321
2237,0.316227764,-0.948683321
2238,-0.316227764,-0.948683321
2239,0.316227764,-0.316227764
2240,0.948683321,-0.948683321
2241,0.948683321,-0.316227764
2242,0.948683321,0.316227764
2243,-0.316227764,0.316227764
2244,-0.316227764,-0.948683321
2245,0.316227764,-0.316227764
2246,-0.316227764,-0.948683321
2247,0.948683321,-0.316227764
2248,-0.948683321,-0.316227764
2249,0.316227764,-0.316227764
2250,-0.948683321,0.948683321
2251,0.316227764,0.316227764
2252,-0.948683321,0.948683321
2253,-0.316227764,0.316227764
2254,0.948683321,0.948683321
2255,-0.948683321,0.948683321
2256,-0.316227764,0.316227764
2257,-0.948683321,-0.948683321
2258,-0.316227764,0.948683321
2259,0.948683321,0.948683321
2260,0.316227764,-0.316227764
2261,0.316227764,-0.948683321
2262,-0.316227764,-0.316227764
2263,-0.948683321,-0.316227764
2264,0.316227764,0.316227764
2265,-0.948683321,0.316227764
2266,0.948683321,-0.316227764
2267,-0.948683321,-0.948683321
2268,-0.948683321,0.948683321
2269,-0.948683321,0.948683321
2270,0.948683321,0.316227764
2271,-0.948683321,-0.316227764
2272,-0.316227764,0.948683321
2273,0.948683321,0.948683321
2274,-0.948683321,-0.948683321
2275,0.316227764,0.316227764
2276,-0.316227764,0.948683321
2277,-0.948683321,0.316227764
2278,-0.948683321,-0.316227764
2279,-0.316227764,-0.948683321
2280,0.316227764,0.316227764
2281,-0.948683321,0.316227764
2282,0.316227764,0.316227764
2283,0.316227764,-0.316227764
2284,-0.948683321,-0.316227764
2285,-0.948683321,0.316227764
2286,-0.948683321,0.316227764
2287,0.316227764,-0.948683321
2288,-0.948683321,-0.316227764
2289,0.316227764,0.948683321
2290,-0.948683321,0.948683321
2291,0.948683321,-0.948683321
2292,0.948683321,0.316227764
2293,-0.948683321,0.316227764
2294,-0.316227764,-0.948683321
2295,-0.948683321,0.316227764
2296,0.316227764,0.316227764
2297,-0.316227764,0.948683321
2298,-0.948683321,-0.948683321
2299,-0.948683321,0.948683321
2300,0.948683321,0.948683321
2301,-0.316227764,-0.316227764
2302,-0.316227764,0.316227764
2303,-0.948683321,0.948683321
2304,0.316227764,-0.948683321
2305,0.316227764,0.316227764
2306,0.948683321,0.316227764
2307,-0.316227764,0.948683321
2308,-0.316227764,-0.316227764
2309,0.948683321,-0.948683321
2310,-0.316227764,-0.316227764
2311,-0.316227764,-0.316227764
2312,-0.316227764,0.948683321
2313,0.948683321,0.316227764
2314,0.316227764,-0.948683321
2315,0.948683321,-0.948683321
2316,0.948683321,0.948683321
2317,0.948683321,-0.948683321
2318,0.316227764,0.316227764
2319,0.316227764,-0.316227764
2320,0.316227764,-0.316227764
2321,-0.316227764,-0.316227764
2322,0.948683321,-0.316227764
2323,-0.948683321,0.948683321
2324,-0.948683321,-0.948683321
2325,-0.948683321,0.948683321
2326,0.316227764,-0.316227764
2327,-0.316227764,0.948683321
2328,-0.948683321,0.316227764
2329,-0.316227764,0.316227764
2330,0.316227764,-0.316227764
2331,-0.948683321,-0.948683321
2332,-0.316227764,-0.948683321
2333,0.948683321,0.316227764
2334,-0.948683321,0.316227764
2335,0.316227764,0.948683321
2336,0.948683321,-0.948683321
2337,-0.948683321,-0.316227764
2338,0.948683321,-0.948683321
2339,-0.948683321,-0.316227764
2340,0.316227764,-0.948683321
2341,0.316227764,-0.316227764
2342,-0.316227764,0.948683321
2343,0.316227764,0.316227764
2344,0.948683321,-0.948683321
2345,0.316227764,0.948683321
2346,-0.316227764,0.948683321
2347,0.948683321,0.316227764
2348,0.948683321,0.948683321
2349,0.948683321,-0.316227764
2350,-0.948683321,0.948683321
2351,0.316227764,0.948683321
2352,-0.948683321,0.316227764
2353,0.316227764,0.948683321
2354,0.316227764,0.948683321
2355,0.948683321,0.948683321
2356,-0.948683321,0.948683321
2357,-0.316227764,-0.948683321
2358,-0.316227764,-0.316227764
2359,0.948683321,0.948683321
2360,0.948683321,0.316227764
2361,0.948683321,-0.948683321
2362,-0.316227764,0.948683321
2363,-0.316227764,0.316227764
2364,-0.948683321,-0.948683321
2365,0.316227764,-0.316227764
2366,0.316227764,0.316227764
2367,-0.316227764,-0.948683321
2368,-0.316227764,-0.948683321
2369,0.948683321,0.948683321
2370,0.948683321,0.316227764
2371,0.316227764,0.948683321
2372,-0.316227764,-0.316227764
2373,0.316227764,-0.948683321
2374,-0.948683321,0.948683321
2375,0.948683321,0.948683321
2376,0.316227764,0.316227764
2377,0.316227764,-0.316227764
2378,-0.316227764,0.316227764
2379,-0.948683321,0.948683321
2380,-0.316227764,-0.316227764
2381,-0.316227764,0.316227764
2382,-0.316227764,-0.948683321
2383,-0.316227764,-0.948683321
2384,-0.316227764,-0.316227764
2385,-0.948683321,-0.948683321
2386,0.948683321,-0.948683321
2387,0.316227764,-0.948683321
2388,0.948683321,-0.948683321
2389,0.316227764,-0.948683321
2390,0.316227764,0.316227764
2391,-0.948683321,-0.316227764
2392,0.316227764,0.948683321
2393,-0.948683321,0.316227764
2394,0.948683321,0.316227764
2395,0.316227764,0.948683321
2396,-0.316227764,0.948683321
2397,0.316227764,0.948683321
2398,-0.948683321,-0.316227764
2399,-0.316227764,0.316227764
2400,0.316227764,0.316227764
2401,-0.948683321,-0.948683321
2402,-0.948683321,0.948683321
2403,0.316227764,0.948683321
2404,0.316227764,-0.948683321
2405,-0.316227764,-0.948683321
2406,0.948683321,-0.316227764
2407,0.948683321,0.316227764
2408,0.948683321,-0.948683321
2409,-0.316227764,0.316227764
2410,-0.948683321,-0.316227764
2411,0.948683321,0.948683321
2412,-0.316227764,0.948683321
2413,0.948683321,-0.316227764
2414,0.316227764,0.316227764
2415,-0.948683321,0.316227764
2416,-0.316227764,0.948683321
2417,-0.316227764,-0.948683321
2418,-0.316227764,-0.948683321
2419,0.316227764,0.948683321
2420,-0.316227764,0.316227764
2421,0.948683321,-0.316227764
2422,-0.948683321,-0.316227764
2423,0.316227764,0.316227764
2424,-0.948683321,-0.948683321
2425,0.948683321,-0.316227764
2426,0.316227764,0.316227764
2427,0.316227764,0.948683321
2428,0.948683321,0.948683321
2429,0.316227764,-0.316227764
2430,-0.948683321,-0.316227764
2431,0.948683321,-0.316227764
2432,0.948683321,0.316227764
2433,-0.948683321,-0.948683321
2434,-0.316227764,0.948683321
2435,0.316227764,0.948683321
2436,-0.948683321,-0.316227764
2437,-0.948683321,-0.316227764
2438,0.948683321,-0.316227764
2439,-0.316227764,-0.316227764
2440,0.948683321,-0.316227764
2441,-0.316227764,-0.316227764
2442,-0.948683321,-0.316227764
2443,0.948683321,-0.316227764
2444,-0.316227764,0.316227764
2445,0.948683321,0.316227764
2446,0.948683321,-0.948683321
2447,0.316227764,0.316227764
2448,0.316227764,-0.316227764
2449,-0.316227764,-0.948683321
2450,0.948683321,-0.316227764
2451,0.316227764,-0.316227764
2452,-0.316227764,-0.948683321
2453,0.948683321,-0.948683321
2454,0.316227764,-0.316227764
2455,0.948683321,0.948683321
2456,0.316227764,-0.316227764
2457,0.316227764,0.316227764
2458,-0.316227764,0.948683321
2459,0.316227764,-0.316227764
2460,0.948683321,-0.316227764
2461,0.316227764,0.316227764
2462,-0.948683321,-0.316227764
2463,0.316227764,0.316227764
2464,-0.948683321,-0.948683321
2465,-0.948683321,0.948683321
2466,-0.948683321,-0.316227764
2467,-0.948683321,0.316227764
2468,-0.948683321,-0.316227764
2469,0.948683321,0.316227764
2470,0.316227764,0.316227764
2471,0.316227764,0.316227764
2472,0.948683321,-0.316227764
2473,-0.948683321,0.316227764
2474,0.316227764,0.948683321
2475,-0.948683321,0.948683321
2476,-0.316227764,-0.316227764
2477,0.316227764,0.316227764
2478,-0.948683321,0.316227764
2479,0.948683321,0.948683321
2480,-0.948683321,-0.948683321
2481,-0.316227764,-0.316227764
2482,-0.316227764,-0.316227764
2483,-0.948683321,-0.948683321
2484,0.948683321,-0.316227764
2485,-0.948683321,0.948683321
2486,0.316227764,0.316227764
2487,-0.316227764,-0.948683321
2488,-0.948683321,-0.948683321
2489,-0.948683321,-0.316227764
2490,-0.316227764,0.316227764
2491,-0.948683321,-0.316227764
2492,-0.316227764,-0.316227764
2493,-0.948683321,-0.948683321
2494,0.948683321,0.316227764
2495,-0.316227764,0.948683321
2496,-0.316227764,-0.316227764
2497,0.948683321,0.316227764
2498,0.316227764,0.316227764
2499,-0.316227764,-0.948683321
2500,0.316227764,-0.316227764
2501,-0.316227764,-0.316227764
2502,0.948683321,-0.316227764
2503,0.948683321,-0.948683321
2504,0.316227764,-0.316227764
2505,0.316227764,0.316227764
2506,0.316227764,-0.316227764
2507,0.316227764,0.316227764
2508,-0.948683321,-0.948683321
2509,-0.316227764,0.316227764
2510,0.948683321,-0.316227764
2511,-0.948683321,0.316227764
2512,0.316227764,-0.316227764
2513,-0.948683321,0.948683321
2514,0.316227764,-0.948683321
2515,-0.316227764,-0.948683321
2516,0.316227764,-0.948683321
2517,-0.948683321,0.948683321
2518,0.948683321,-0.316227764
2519,-0.948683321,-0.948683321
2520,-0.948683321,-0.316227764
2521,-0.316227764,0.948683321
2522,-0.948683321,-0.316227764
2523,-0.316227764,-0.316227764
2524,-0.948683321,0.948683321
2525,0.948683321,-0.316227764
2526,0.948683321,-0.948683321
2527,0.948683321,0.316227764
2528,0.316227764,-0.948683321
2529,0.948683321,0.948683321
2530,-0.948683321,-0.948683321
2531,0.316227764,-0.948683321
2532,-0.948683321,-0.948683321
2533,-0.948683321,-0.316227764
2534,0.948683321,-0.316227764
2535,-0.316227764,0.948683321
2536,-0.948683321,0.316227764
2537,-0.948683321,-0.948683321
2538,-0.948683321,0.948683321
2539,-0.948683321,-0.948683321
2540,-0.316227764,-0.948683321
2541,0.316227764,-0.948683321
2542,0.316227764,0.948683321
2543,-0.948683321,0.316227764
2544,0.948683321,-0.316227764
2545,0.316227764,0.948683321
2546,0.948683321,-0.316227764
2547,0.948683321,-0.316227764
2548,-0.316227764,-0.948683321
2549,-0.316227764,0.316227764
2550,-0.948683321,0.948683321
2551,0.948683321,-0.316227764
2552,0.316227764,-0.948683321
2553,-0.948683321,0.316227764
2554,0.316227764,0.316227764
2555,0.948683321,-0.948683321
2556,0.948683321,-0.948683321
2557,0.316227764,-0.948683321
2558,0.948683321,0.316227764
2559,0.316227764,-0.948683321
2560,0.316227764,0.316227764
2561,0.316227764,0.316227764
2562,0.948683321,0.316227764
2563,-0.316227764,0.316227764
2564,-0.948683321,0.316227764
2565,-0.316227764,-0.316227764
2566,0.948683321,-0.316227764
2567,0.948683321,0.948683321
2568,-0.948683321,0.316227764
2569,-0.316227764,-0.316227764
2570,-0.948683321,0.316227764
2571,-0.948683321,0.948683321
2572,0.948683321,0.316227764
2573,-0.948683321,-0.948683321
2574,-0.948683321,0.948683321
2575,-0.316227764,0.316227764
2576,-0.316227764,-0.316227764
2577,-0.948683321,0.316227764
2578,0.316227764,-0.948683321
2579,-0.948683321,0.316227764
2580,-0.316227764,-0.316227764
2581,-0.316227764,0.948683321
2582,-0.316227764,0.316227764
2583,0.316227764,-0.948683321
2584,0.316227764,-0.948683321
2585,-0.316227764,0.948683321
2586,-0.948683321,0.316227764
2587,-0.316227764,0.948683321
2588,-0.948683321,0.316227764
2589,0.316227764,0.948683321
2590,-0.316227764,-0.948683321
2591,-0.316227764,-0.948683321
2592,0.948683321,-0.316227764
2593,0.948683321,0.316227764
2594,0.316227764,-0.316227764
2595,-0.948683321,-0.316227764
2596,-0.316227764,-0.948683321
2597,-0.316227764,0.948683321
2598,0.948683321,0.316227764
2599,-0.316227764,0.948683321
2600,0.948683321,0.316227764
2601,-0.948683321,-0.948683321
2602,0.948683321,-0.948683321
2603,-0.316227764,-0.948683321
2604,0.948683321,0.948683321
2605,-0.316227764,0.948683321
2606,0.948683321,0.316227764
2607,0.316227764,-0.316227764
2608,-0.948683321,-0.948683321
2609,0.316227764,0.316227764
2610,0.948683321,-0.316227764
2611,0.316227764,0.948683321
2612,-0.948683321,-0.948683321
2613,0.316227764,-0.948683321
2614,0.316227764,-0.948683321
2615,0.316227764,0.948683321
2616,0.948683321,0.316227764
2617,0.948683321,0.316227764
2618,0.948683321,-0.316227764
2619,-0.948683321,0.316227764
2620,-0.316227764,0.948683321
2621,0.316227764,-0.316227764
2622,-0.316227764,-0.948683321
2623,-0.948683321,0.948683321
2624,-0.316227764,-0.948683321
2625,-0.948683321,-0.948683321
2626,0.948683321,0.316227764
2627,0.316227764,-0.948683321
2628,-0.316227764,-0.948683321
2629,0.316227764,-0.316227764
2630,-0.316227764,-0.316227764
2631,-0.948683321,0.948683321
2632,-0.316227764,0.948683321
2633,0.948683321,0.316227764
2634,-0.948683321,0.316227764
2635,-0.948683321,0.948683321
2636,0.316227764,0.948683321
2637,-0.316227764,0.316227764
2638,-0.316227764,0.316227764
2639,-0.948683321,-0.316227764
2640,0.948683321,-0.316227764
2641,-0.316227764,-0.948683321
2642,-0.316227764,-0.948683321
2643,0.316227764,0.948683321
2644,0.948683321,0.316227764
2645,-0.316227764,-0.948683321
2646,-0.316227764,-0.948683321
2647,-0.316227764,0.316227764
2648,0.948683321,-0.948683321
2649,0.316227764,0.316227764
2650,0.316227764,-0.948683321
2651,0.316227764,0.316227764
2652,-0.316227764,0.948683321
2653,0.316227764,-0.316227764
2654,0.948683321,-0.316227764
2655,0.948683321,-0.948683321
2656,0.316227764,0.948683321
2657,0.316227764,0.316227764
2658,0.316227764,-0.948683321
2659,0.316227764,0.316227764
2660,-0.316227764,-0.948683321
2661,0.948683321,0.948683321
2662,0.948683321,-0.948683321
2663,0.948683321,0.316227764
2664,-0.316227764,-0.948683321
2665,0.948683321,-0.316227764
2666,-0.948683321,0.316227764
2667,0.316227764,0.948683321
2668,-0.948683321,0.316227764
2669,-0.316227764,0.316227764
2670,-0.316227764,0.316227764
2671,-0.948683321,-0.948683321
2672,0.948683321,-0.948683321
2673,0.948683321,-0.948683321
2674,-0.948683321,0.316227764
2675,0.316227764,0.948683321
2676,-0.948683321,-0.948683321
2677,-0.948683321,-0.948683321
2678,0.316227764,0.316227764
2679,0.948683321,-0.316227764
2680,-0.316227764,-0.316227764
2681,-0.316227764,0.316227764
2682,-0.948683321,-0.948683321
2683,-0.948683321,-0.316227764
2684,0.316227764,0.316227764
2685,-0.316227764,-0.316227764
2686,0.948683321,0.316227764
2687,0.948683321,0.948683321
2688,0.948683321,0.948683321
2689,-0.948683321,0.316227764
2690,-0.316227764,-0.316227764
2691,-0.316227764,-0.316227764
2692,0.316227764,0.948683321
2693,0.948683321,-0.316227764
2694,0.948683321,0.316227764
2695,-0.316227764,-0.948683321
2696,-0.316227764,0.948683321
2697,0.948683321,-0.316227764
2698,-0.948683321,-0.948683321
2699,-0.948683321,-0.316227764
2700,0.316227764,-0.948683321
2701,-0.948683321,-0.948683321
2702,-0.948683321,-0.316227764
2703,0.316227764,0.948683321
2704,-0.316227764,-0.316227764
2705,-0.948683321,-0.316227764
2706,-0.316227764,0.316227764
2707,0.316227764,-0.948683321
2708,0.316227764,0.948683321
2709,0.316227764,0.948683321
2710,-0.948683321,-0.316227764
2711,-0.316227764,0.948683321
2712,-0.316227764,0.316227764
2713,0.316227764,0.948683321
2714,0.948683321,0.948683321
2715,0.948683321,-0.316227764
2716,-0.948683321,-0.948683321
2717,-0.316227764,-0.316227764
2718,0.948683321,0.948683321
2719,0.316227764,0.316227764
2720,0.948683321,-0.948683321
2721,0.316227764,-0.948683321
2722,0.948683321,0.948683321
2723,-0.948683321,-0.316227764
2724,-0.948683321,0.316227764
2725,0.316227764,0.316227764
2726,0.948683321,0.316227764
2727,-0.948683321,-0.948683321
2728,0.316227764,-0.948683321
2729,-0.316227764,-0.316227764
2730,0.948683321,0.948683321
2731,-0.948683321,0.948683321
2732,0.316227764,-0.316227764
2733,-0.948683321,0.316227764
2734,0.316227764,0.948683321
2735,-0.316227764,0.948683321
2736,0.948683321,-0.316227764
2737,0.316227764,0.948683321
2738,0.948683321,0.948683321
2739,-0.948683321,0.316227764
2740,-0.948683321,-0.316227764
2741,-0.316227764,0.316227764
2742,0.948683321,0.316227764
2743,0.316227764,-0.316227764
2744,-0.948683321,0.316227764
2745,-0.948683321,-0.948683321
2746,0.316227764,0.316227764
2747,0.948683321,0.948683321
2748,-0.316227764,0.316227764
2749,-0.316227764,-0.316227764
2750,-0.948683321,-0.948683321
2751,0.316227764,-0.316227764
2752,-0.948683321,-0.948683321
2753,0.316227764,-0.316227764
2754,-0.948683321,-0.316227764
2755,-0.948683321,0.316227764
2756,0.316227764,-0.316227764
2757,0.948683321,0.948683321
2758,-0.948683321,-0.948683321
2759,0.948683321,0.948683321
2760,0.948683321,0.316227764
2761,0.948683321,-0.316227764
2762,0.948683321,0.316227764
2763,0.316227764,0.316227764
2764,-0.948683321,0.316227764
2765,-0.948683321,0.316227764
2766,0.948683321,0.948683321
2767,0.316227764,-0.316227764
2768,-0.948683321,-0.316227764
2769,0.316227764,-0.316227764
2770,0.948683321,0.316227764
2771,-0.948683321,0.316227764
2772,-0.316227764,-0.948683321
2773,0.316227764,0.948683321
2774,0.316227764,-0.316227764
2775,0.948683321,-0.316227764
2776,0.316227764,0.948683321
2777,-0.316227764,0.948683321
2778,-0.948683321,0.316227764
2779,0.316227764,-0.948683321
2780,-0.316227764,0.948683321
2781,-0.948683321,0.316227764
2782,0.316227764,0.316227764
2783,-0.316227764,-0.316227764
2784,-0.948683321,-0.948683321
2785,-0.316227764,0.316227764
2786,-0.948683321,-0.316227764
2787,-0.316227764,0.948683321
2788,-0.316227764,0.316227764
2789,0.316227764,-0.948683321
2790,-0.948683321,-0.316227764
2791,0.948683321,0.948683321
2792,0.948683321,0.948683321
2793,0.948683321,0.948683321
2794,0.316227764,0.948683321
2795,-0.948683321,0.316227764
2796,0.316227764,-0.948683321
2797,-0.316227764,0.948683321
2798,-0.316227764,-0.316227764
2799,-0.948683321,-0.948683321
2800,-0.948683321,0.316227764
2801,0.316227764,-0.316227764
2802,-0.948683321,-0.948683321
2803,-0.316227764,-0.948683321
2804,-0.948683321,-0.316227764
2805,0.948683321,-0.948683321
2806,-0.948683321,0.948683321
2807,0.316227764,-0.316227764
2808,-0.948683321,0.316227764
2809,0.948683321,0.316227764
2810,0.316227764,0.948683321
2811,-0.316227764,-0.316227764
2812,-0.316227764,0.316227764
2813,-0.948683321,-0.948683321
2814,-0.948683321,-0.316227764
2815,0.948683321,0.316227764
2816,0.316227764,-0.316227764
2817,-0.948683321,0.316227764
2818,-0.316227764,0.316227764
2819,-0.948683321,-0.316227764
2820,0.316227764,0.948683321
2821,0.316227764,-0.316227764
2822,-0.948683321,-0.948683321
2823,-0.948683321,-0.316227764
2824,-0.316227764,-0.316227764
2825,0.948683321,0.316227764
2826,-0.316227764,0.948683321
2827,0.316227764,0.316227764
2828,0.948683321,-0.948683321
2829,-0.316227764,-0.948683321
2830,0.316227764,0.316227764
2831,0.948683321,0.948683321
2832,0.316227764,0.316227764
2833,-0.316227764,-0.316227764
2834,0.948683321,-0.316227764
2835,0.316227764,-0.948683321
2836,0.316227764,-0.948683321
2837,-0.316227764,0.316227764
2838,-0.948683321,-0.316227764
2839,-0.948683321,0.316227764
2840,0.948683321,0.316227764
2841,-0.316227764,0.948683321
2842,-0.948683321,-0.948683321
2843,-0.316227764,-0.316227764
2844,0.316227764,-0.316227764
2845,-0.948683321,0.316227764
2846,0.948683321,0.948683321
2847,0.948683321,0.316227764
2848,-0.316227764,0.948683321
2849,-0.316227764,-0.316227764
2850,0.948683321,-0.948683321
2851,0.316227764,-0.316227764
2852,0.948683321,-0.316227764
2853,-0.948683321,-0.948683321
2854,-0.948683321,0.948683321
2855,-0.948683321,0.316227764
2856,0.316227764,0.316227764
2857,-0.316227764,0.316227764
2858,-0.316227764,0.948683321
2859,-0.316227764,-0.948683321
2860,0.948683321,-0.948683321
2861,-0.948683321,-0.948683321
2862,-0.316227764,-0.948683321
2863,0.948683321,-0.948683321
2864,0.316227764,0.316227764
2865,0.316227764,0.948683321
2866,0.316227764,0.316227764
2867,0.316227764,-0.316227764
2868,-0.948683321,-0.316227764
2869,-0.948683321,0.948683321
2870,0.948683321,0.948683321
2871,0.316227764,-0.316227764
2872,-0.948683321,-0.948683321
2873,-0.316227764,-0.316227764
2874,0.316227764,-0.948683321
2875,0.316227764,-0.948683321
2876,-0.948683321,-0.948683321
2877,-0.316227764,-0.948683321
2878,0.948683321,-0.948683321
2879,0.316227764,0.316227764
2880,-0.316227764,-0.316227764
2881,0.316227764,0.948683321
2882,0.316227764,-0.316227764
2883,-0.316227764,-0.316227764
2884,-0.316227764,0.948683321
2885,0.948683321,-0.948683321
2886,-0.316227764,0.948683321
2887,0.316227764,0.316227764
2888,-0.316227764,-0.948683321
2889,-0.316227764,0.316227764
2890,0.316227764,-0.948683321
2891,0.948683321,0.316227764
2892,-0.948683321,-0.948683321
2893,0.948683321,-0.316227764
2894,-0.316227764,0.948683321
2895,-0.948683321,-0.316227764
2896,-0.316227764,0.948683321
2897,0.948683321,0.316227764
2898,-0.316227764,0.948683321
2899,-0.948683321,0.316227764
2900,0.948683321,-0.948683321
2901,0.948683321,0.948683321
2902,-0.316227764,0.316227764
2903,-0.316227764,0.948683321
2904,-0.316227764,0.948683321
2905,0.948683321,0.316227764
2906,0.948683321,-0.316227764
2907,0.948683321,0.948683321
2908,0.316227764,-0.948683321
2909,0.948683321,0.948683321
2910,-0.316227764,0.948683321
2911,0.316227764,0.316227764
2912,-0.948683321,0.316227764
2913,-0.948683321,-0.316227764
2914,0.316227764,0.948683321
2915,0.948683321,-0.316227764
2916,-0.316227764,-0.316227764
2917,0.316227764,-0.316227764
2918,0.948683321,0.948683321
2919,-0.948683321,0.948683321
2920,-0.948683321,-0.948683321
2921,-0.316227764,0.316227764
2922,0.948683321,-0.948683321
2923,0.948683321,-0.948683321
2924,-0.948683321,0.948683321
2925,0.316227764,0.316227764
2926,0.316227764,0.316227764
2927,0.316227764,0.948683321
2928,-0.948683321,0.316227764
2929,-0.948683321,0.316227764
2930,0.316227764,-0.316227764
2931,0.316227764,-0.316227764
2932,0.948683321,0.316227764
2933,0.316227764,-0.948683321
2934,0.316227764,-0.316227764
2935,-0.316227764,-0.948683321
2936,0.316227764,0.948683321
2937,0.316227764,-0.948683321
2938,-0.948683321,0.948683321
2939,-0.316227764,0.316227764
2940,-0.316227764,-0.948683321
2941,0.948683321,0.948683321
2942,0.948683321,0.316227764
2943,-0.948683321,0.948683321
2944,0.948683321,0.316227764
2945,0.948683321,-0.948683321
2946,-0.948683321,0.316227764
2947,0.316227764,0.948683321
2948,0.316227764,-0.316227764
2949,0.948683321,-0.948683321
2950,0.948683321,0.316227764
2951,0.948683321,-0.316227764
2952,-0.948683321,0.316227764
2953,-0.316227764,0.948683321
2954,0.948683321,0.948683321
2955,0.948683321,-0.316227764
2956,0.948683321,0.948683321
2957,-0.948683321,-0.316227764
2958,0.316227764,0.948683321
2959,-0.316227764,-0.316227764
2960,-0.316227764,0.948683321
2961,-0.316227764,0.948683321
2962,0.316227764,-0.948683321
2963,-0.948683321,-0.316227764
2964,-0.316227764,0.948683321
2965,-0.316227764,-0.948683321
2966,-0.316227764,-0.948683321
2967,0.316227764,0.316227764
2968,0.316227764,-0.948683321
2969,-0.948683321,0.316227764
2970,0.316227764,0.948683321
2971,0.316227764,0.316227764
2972,0.316227764,-0.948683321
2973,0.316227764,0.948683321
2974,-0.316227764,0.948683321
2975,0.948683321,0.316227764
2976,0.316227764,-0.948683321
2977,0.948683321,0.948683321
2978,0.316227764,0.948683321
2979,0.316227764,0.948683321
2980,-0.316227764,-0.316227764
2981,0.948683321,0.948683321
2982,0.948683321,-0.948683321
2983,-0.948683321,-0.948683321
2984,-0.316227764,-0.316227764
2985,-0.948683321,0.316227764
2986,-0.948683321,-0.948683321
2987,-0.316227764,-0.316227764
2988,-0.316227764,-0.316227764
2989,-0.316227764,-0.948683321
2990,-0.948683321,-0.948683321
2991,-0.316227764,-0.948683321
2992,0.948683321,-0.948683321
2993,-0.316227764,-0.948683321
2994,0.948683321,-0.316227764
2995,0.948683321,0.948683321
2996,-0.316227764,0.316227764
2997,0.316227764,-0.316227764
2998,0.948683321,0.948683321
2999,-0.948683321,-0.316227764
3000,-0.948683321,0.948683321
3001,0.948683321,0.948683321
3002,-0.316227764,-0.316227764
3003,-0.316227764,-0.948683321
3004,-0.316227764,-0.316227764
3005,-0.316227764,-0.316227764
3006,0.316227764,-0.316227764
3007,-0.316227764,-0.316227764
3008,0.948683321,-0.948683321
3009,0.316227764,0.316227764
3010,-0.316227764,0.316227764
3011,-0.948683321,0.316227764
3012,-0.316227764,0.948683321
3013,0.316227764,0.316227764
3014,-0.948683321,0.316227764
3015,0.316227764,-0.316227764
3016,-0.316227764,0.316227764
3017,-0.316227764,0.948683321
3018,0.948683321,0.316227764
3019,0.948683321,0.948683321
3020,0.316227764,0.948683321
3021,-0.316227764,-0.948683321
3022,0.316227764,0.316227764
3023,0.316227764,-0.316227764
3024,0.316227764,-0.948683321
3025,0.316227764,0.948683321
3026,-0.948683321,0.948683321
3027,0.948683321,0.316227764
3028,0.316227764,-0.948683321
3029,0.948683321,-0.316227764
3030,-0.948683321,-0.316227764
3031,0.316227764,-0.948683321
3032,-0.316227764,0.948683321
3033,-0.316227764,0.316227764
3034,-0.316227764,0.316227764
3035,-0.316227764,-0.948683321
3036,0.948683321,0.316227764
3037,-0.948683321,0.948683321
3038,0.948683321,0.948683321
3039,0.948683321,0.316227764
3040,-0.948683321,-0.948683321
3041,0.316227764,0.316227764
3042,0.316227764,-0.948683321
3043,0.316227764,-0.948683321
3044,-0.316227764,0.316227764
3045,-0.316227764,-0.316227764
3046,0.948683321,-0.948683321
3047,0.948683321,0.948683321
3048,-0.948683321,0.316227764
3049,0.316227764,-0.316227764
3050,0.316227764,0.316227764
3051,0.948683321,-0.316227764
3052,-0.316227764,-0.316227764
3053,0.948683321,-0.948683321
3054,0.316227764,0.948683321
3055,0.316227764,0.316227764
3056,0.948683321,-0.316227764
3057,0.948683321,0.316227764
3058,-0.316227764,0.948683321
3059,0.316227764,0.948683321
3060,0.948683321,0.948683321
3061,-0.316227764,0.316227764
3062,0.316227764,-0.316227764
3063,-0.316227764,0.316227764
3064,-0.948683321,-0.948683321
3065,-0.316227764,-0.948683321
3066,0.948683321,0.316227764
3067,-0.316227764,0.948683321
3068,-0.316227764,0.948683321
3069,0.948683321,0.948683321
3070,-0.948683321,-0.948683321
3071,0.316227764,-0.316227764
3072,-0.316227764,0.948683321
3073,0.316227764,-0.316227764
3074,-0.948683321,-0.948683321
3075,0.948683321,0.316227764
3076,0.316227764,0.316227764
3077,0.948683321,-0.948683321
3078,0.948683321,0.316227764
3079,-0.948683321,0.316227764
3080,0.948683321,0.316227764
3081,-0.316227764,0.948683321
3082,-0.948683321,0.948683321
3083,-0.948683321,-0.316227764
3084,-0.316227764,0.316227764
3085,0.948683321,0.316227764
3086,0.948683321,0.316227764
3087,0.948683321,-0.948683321
3088,-0.948683321,0.316227764
3089,0.316227764,0.316227764
3090,-0.316227764,0.948683321
3091,-0.948683321,-0.948683321
3092,0.316227764,-0.316227764
3093,-0.316227764,0.316227764
3094,-0.316227764,0.948683321
3095,0.948683321,-0.948683321
3096,0.316227764,0.948683321
3097,-0.316227764,-0.316227764
3098,-0.948683321,-0.948683321
3099,-0.316227764,0.948683321
3100,0.316227764,-0.948683321
3101,-0.948683321,0.948683321
3102,-0.948683321,0.316227764
3103,0.948683321,0.316227764
3104,0.948683321,-0.948683321
3105,-0.948683321,-0.316227764
3106,-0.316227764,-0.948683321
3107,-0.316227764,0.316227764
3108,0.948683321,-0.948683321
3109,-0.948683321,-0.948683321
3110,-0.316227764,0.316227764
3111,-0.316227764,0.316227764
3112,-0.948683321,-0.948683321
3113,-0.948683321,0.948683321
3114,-0.948683321,0.316227764
3115,0.948683321,0.948683321
3116,-0.316227764,-0.948683321
3117,-0.948683321,-0.948683321
3118,0.948683321,0.948683321
3119,0.948683321,0.316227764
3120,-0.316227764,0.316227764
3121,-0.948683321,-0.948683321
3122,-0.316227764,0.948683321
3123,-0.948683321,0.316227764
3124,-0.316227764,-0.948683321
3125,0.948683321,0.316227764
3126,0.316227764,0.316227764
3127,0.948683321,0.316227764
3128,-0.948683321,-0.316227764
3129,-0.948683321,0.948683321
3130,0.316227764,0.316227764
3131,0.948683321,-0.316227764
3132,0.316227764,0.316227764
3133,0.316227764,-0.948683321
3134,0.948683321,0.948683321
3135,-0.948683321,0.948683321
3136,-0.948683321,-0.948683321
3137,0.948683321,-0.948683321
3138,-0.316227764,0.316227764
3139,-0.316227764,0.316227764
3140,-0.316227764,-0.948683321
3141,-0.948683321,0.316227764
3142,0.948683321,-0.316227764
3143,-0.316227764,0.948683321
3144,-0.316227764,0.316227764
3145,0.316227764,-0.316227764
3146,0.948683321,0.316227764
3147,-0.316227764,0.316227764
3148,0.316227764,0.948683321
3149,0.316227764,-0.948683321
3150,-0.316227764,-0.948683321
3151,-0.316227764,0.948683321
3152,-0.948683321,0.948683321
3153,0.948683321,0.948683321
3154,-0.948683321,0.316227764
3155,-0.948683321,0.948683321
3156,-0.948683321,-0.316227764
3157,-0.316227764,-0.316227764
3158,-0.316227764,-0.316227764
3159,-0.948683321,-0.948683321
3160,-0.948683321,-0.316227764
3161,0.316227764,0.948683321
3162,0.948683321,0.316227764
3163,0.316227764,-0.316227764
3164,-0.948683321,0.948683321
3165,0.948683321,0.948683321
3166,0.316227764,0.316227764
3167,0.316227764,-0.948683321
3168,0.316227764,-0.948683321
3169,-0.316227764,-0.316227764
3170,-0.948683321,-0.948683321
3171,-0.948683321,0.316227764
3172,-0.316227764,-0.948683321
3173,-0.316227764,-0.948683321
3174,0.316227764,-0.948683321
3175,0.316227764,-0.316227764
3176,0.316227764,0.948683321
3177,0.948683321,0.316227764
3178,-0.948683321,-0.948683321
3179,0.316227764,-0.948683321
3180,0.316227764,-0.948683321
3181,0.948683321,0.948683321
3182,-0.316227764,-0.948683321
3183,-0.948683321,0.948683321
3184,0.316227764,-0.948683321
3185,0.948683321,-0.316227764
3186,0.948683321,-0.948683321
3187,0.948683321,-0.316227764
3188,0.948683321,-0.316227764
3189,-0.316227764,-0.948683321
3190,-0.316227764,-0.316227764
3191,-0.948683321,-0.316227764
3192,0.948683321,-0.948683321
3193,-0.948683321,0.316227764
3194,-0.948683321,-0.948683321
3195,0.948683321,-0.948683321
3196,-0.948683321,-0.948683321
3197,-0.948683321,-0.948683321
3198,-0.948683321,-0.316227764
3199,-0.316227764,0.316227764
3200,-0.948683321,-0.316227764
3201,-0.948683321,0.316227764
3202,-0.316227764,0.316227764
3203,-0.316227764,-0.316227764
3204,0.316227764,-0.316227764
3205,0.316227764,-0.948683321
3206,-0.948683321,-0.948683321
3207,-0.316227764,-0.316227764
3208,-0.316227764,0.948683321
3209,0.948683321,0.316227764
3210,-0.316227764,0.948683321
3211,-0.948683321,0.948683321
3212,0.316227764,-0.316227764
3213,-0.316227764,-0.316227764
3214,-0.316227764,-0.948683321
3215,-0.316227764,0.948683321
3216,0.316227764,0.948683321
3217,0.948683321,0.948683321
3218,-0.316227764,0.948683321
3219,0.316227764,0.316227764
3220,-0.316227764,-0.316227764
3221,0.316227764,0.948683321
3222,0.316227764,0.948683321
3223,-0.316227764,-0.316227764
3224,0.948683321,0.948683321
3225,0.316227764,0.948683321
3226,-0.316227764,-0.948683321
3227,0.316227764,0.948683321
3228,-0.316227764,-0.316227764
3229,0.316227764,0.948683321
3230,-0.948683321,-0.316227764
3231,0.948683321,0.316227764
3232,-0.948683321,0.316227764
3233,-0.316227764,0.316227764
3234,-0.948683321,0.948683321
3235,0.948683321,0.948683321
3236,0.316227764,0.316227764
3237,-0.316227764,-0.948683321
3238,-0.316227764,0.948683321
3239,-0.316227764,-0.316227764
3240,0.948683321,0.316227764
3241,-0.316227764,0.316227764
3242,0.316227764,0.316227764
3243,-0.316227764,0.316227764
3244,0.316227764,-0.948683321
3245,0.948683321,0.316227764
3246,-0.316227764,-0.948683321
3247,-0.948683321,-0.316227764
3248,0.316227764,0.948683321
3249,-0.316227764,-0.948683321
3250,-0.948683321,0.948683321
3251,0.316227764,-0.316227764
3252,-0.948683321,0.316227764
3253,0.316227764,0.948683321
3254,0.948683321,-0.316227764
3255,-0.316227764,0.948683321
3256,0.316227764,0.316227764
3257,0.316227764,0.316227764
3258,-0.948683321,0.316227764
3259,-0.316227764,0.948683321
3260,-0.316227764,-0.948683321
3261,0.316227764,0.316227764
3262,0.948683321,0.316227764
3263,-0.316227764,0.316227764
3264,-0.316227764,0.316227764
3265,0.316227764,0.316227764
3266,-0.316227764,-0.948683321
3267,0.316227764,-0.948683321
3268,0.948683321,0.316227764
3269,-0.948683321,0.316227764
3270,0.948683321,-0.316227764
3271,0.948683321,0.948683321
3272,0.316227764,-0.316227764
3273,0.948683321,0.316227764
3274,-0.316227764,-0.948683321
3275,-0.948683321,-0.316227764
3276,-0.316227764,-0.948683321
3277,-0.316227764,-0.948683321
3278,0.316227764,0.948683321
3279,-0.316227764,0.316227764
3280,-0.316227764,0.316227764
3281,0.316227764,-0.948683321
3282,-0.948683321,0.948683321
3283,0.948683321,0.316227764
3284,-0.316227764,0.948683321
3285,-0.316227764,-0.316227764
3286,0.316227764,0.948683321
3287,0.316227764,0.948683321
3288,0.948683321,-0.316227764
3289,-0.316227764,0.316227764
3290,-0.316227764,-0.316227764
3291,-0.316227764,-0.316227764
3292,0.948683321,0.316227764
3293,-0.316227764,-0.948683321
3294,0.948683321,0.948683321
3295,0.316227764,0.948683321
3296,0.316227764,-0.316227764
3297,0.316227764,0.316227764
3298,-0.316227764,-0.948683321
3299,0.948683321,0.948683321
3300,-0.316227764,-0.316227764
3301,0.948683321,-0.948683321
3302,-0.948683321,-0.316227764
3303,-0.316227764,0.948683321
3304,0.316227764,-0.948683321
3305,0.948683321,-0.948683321
3306,0.316227764,0.948683321
3307,0.316227764,0.948683321
3308,-0.948683321,0.316227764
3309,-0.316227764,0.948683321
3310,0.948683321,-0.948683321
3311,0.948683321,0.948683321
3312,0.316227764,0.316227764
3313,0.316227764,0.948683321
3314,-0.948683321,0.948683321
3315,-0.316227764,-0.316227764
3316,-0.316227764,0.948683321
3317,0.948683321,0.948683321
3318,0.316227764,0.316227764
3319,0.948683321,-0.316227764
3320,0.316227764,0.316227764
3321,0.948683321,-0.316227764
3322,-0.948683321,-0.948683321
3323,0.948683321,0.948683321
3324,0.316227764,-0.948683321
3325,-0.316227764,0.316227764
3326,0.948683321,0.316227764
3327,-0.316227764,0.316227764
3328,0.316227764,-0.948683321
3329,0.948683321,-0.316227764
3330,0.948683321,-0.948683321
3331,0.316227764,0.316227764
3332,-0.948683321,0.948683321
3333,-0.948683321,0.316227764
3334,0.316227764,-0.948683321
3335,-0.316227764,0.316227764
3336,0.948683321,0.316227764
3337,0.948683321,-0.948683321
3338,0.948683321,0.316227764
3339,-0.948683321,-0.948683321
3340,0.316227764,0.316227764
3341,0.316227764,0.948683321
3342,-0.948683321,0.948683321
3343,-0.316227764,-0.948683321
3344,0.948683321,-0.316227764
3345,-0.316227764,0.316227764
3346,-0.316227764,0.948683321
3347,-0.316227764,-0.316227764
3348,0.948683321,-0.316227764
3349,-0.948683321,0.948683321
3350,0.948683321,0.948683321
3351,-0.948683321,0.316227764
3352,-0.316227764,-0.948683321
3353,0.316227764,-0.316227764
3354,0.948683321,-0.316227764
3355,-0.316227764,0.316227764
3356,-0.948683321,-0.948683321
3357,0.948683321,0.948683321
3358,-0.316227764,-0.316227764
3359,-0.316227764,-0.948683321
3360,-0.948683321,-0.948683321
3361,-0.316227764,-0.316227764
3362,0.948683321,-0.316227764
3363,-0.316227764,0.948683321
3364,-0.948683321,0.948683321
3365,0.948683321,-0.948683321
3366,-0.316227764,0.316227764
3367,-0.316227764,-0.316227764
3368,-0.948683321,-0.316227764
3369,0.316227764,0.948683321
3370,-0.316227764,-0.948683321
3371,0.316227764,-0.948683321
3372,0.948683321,0.948683321
3373,0.948683321,0.948683321
3374,0.948683321,-0.316227764
3375,0.948683321,0.316227764
3376,0.316227764,-0.948683321
3377,-0.948683321,-0.316227764
3378,-0.948683321,-0.948683321
3379,-0.316227764,-0.948683321
3380,0.316227764,-0.948683321
3381,-0.948683321,0.948683321
3382,-0.948683321,-0.948683321
3383,0.316227764,0.948683321
3384,-0.316227764,-0.948683321
3385,-0.316227764,-0.948683321
3386,0.948683321,-0.316227764
3387,-0.316227764,0.316227764
3388,-0.948683321,-0.316227764
3389,0.316227764,0.948683321
3390,-0.948683321,0.948683321
3391,-0.316227764,-0.948683321
3392,0.948683321,-0.948683321
3393,-0.948683321,-0.948683321
3394,-0.316227764,0.316227764
3395,0.316227764,0.948683321
3396,-0.316227764,-0.316227764
3397,0.316227764,-0.948683321
3398,0.316227764,-0.316227764
3399,-0.948683321,-0.948683321
3400,0.948683321,-0.316227764
3401,-0.948683321,0.948683321
3402,0.948683321,0.948683321
3403,-0.948683321,0.948683321
3404,0.316227764,0.316227764
3405,-0.948683321,-0.316227764
3406,-0.948683321,-0.316227764
3407,0.948683321,0.316227764
3408,0.316227764,0.948683321
3409,-0.948683321,0.948683321
3410,-0.948683321,0.948683321
3411,-0.316227764,0.948683321
3412,0.316227764,-0.948683321
3413,-0.316227764,0.948683321
3414,-0.316227764,-0.316227764
3415,0.316227764,-0.948683321
3416,0.948683321,0.948683321
3417,-0.948683321,-0.316227764
3418,-0.948683321,0.948683321
3419,0.316227764,0.948683321
3420,0.316227764,-0.948683321
3421,-0.316227764,-0.316227764
3422,-0.948683321,0.316227764
3423,0.316227764,0.948683321
3424,0.948683321,-0.948683321
3425,0.948683321,0.948683321
3426,0.948683321,-0.948683321
3427,-0.948683321,0.948683321
3428,-0.316227764,-0.948683321
3429,-0.948683321,0.316227764
3430,0.948683321,0.948683321
3431,-0.948683321,0.316227764
3432,-0.316227764,-0.948683321
3433,-0.316227764,0.316227764
3434,0.316227764,0.316227764
3435,0.948683321,0.948683321
3436,-0.316227764,-0.316227764
3437,0.948683321,0.948683321
3438,-0.316227764,-0.948683321
3439,-0.316227764,0.948683321
3440,0.316227764,0.316227764
3441,-0.948683321,-0.316227764
3442,-0.316227764,-0.948683321
3443,-0.316227764,0.948683321
3444,-0.948683321,-0.948683321
3445,0.948683321,0.316227764
3446,-0.948683321,0.316227764
3447,-0.948683321,0.316227764
3448,-0.948683321,0.316227764
3449,-0.948683321,-0.948683321
3450,0.316227764,0.948683321
3451,-0.948683321,0.316227764
3452,-0.316227764,0.316227764
3453,-0.948683321,0.316227764
3454,0.948683321,0.948683321
3455,0.316227764,-0.948683321
3456,-0.948683321,-0.948683321
3457,-0.316227764,0.948683321
3458,-0.316227764,-0.948683321
3459,-0.948683321,0.316227764
3460,0.948683321,0.316227764
3461,0.316227764,0.948683321
3462,0.948683321,-0.948683321
3463,0.316227764,-0.948683321
3464,-0.948683321,0.316227764
3465,-0.948683321,0.316227764
3466,-0.316227764,0.316227764
3467,-0.316227764,0.316227764
3468,0.316227764,-0.316227764
3469,-0.316227764,-0.948683321
3470,-0.316227764,0.316227764
3471,0.316227764,-0.316227764
3472,0.948683321,0.948683321
3473,-0.948683321,0.316227764
3474,0.316227764,0.316227764
3475,-0.948683321,-0.316227764
3476,0.948683321,0.948683321
3477,0.316227764,-0.948683321
3478,0.316227764,0.948683321
3479,-0.316227764,0.948683321
3480,-0.316227764,-0.948683321
3481,-0.316227764,0.316227764
3482,-0.948683321,0.948683321
3483,-0.316227764,0.948683321
3484,-0.316227764,0.948683321
3485,-0.316227764,-0.316227764
3486,-0.948683321,-0.316227764
3487,0.316227764,-0.316227764
3488,0.316227764,-0.948683321
3489,0.316227764,0.948683321
3490,-0.948683321,-0.948683321
3491,0.316227764,0.948683321
3492,-0.948683321,-0.316227764
3493,-0.316227764,0.948683321
3494,0.948683321,0.948683321
3495,-0.316227764,-0.948683321
3496,0.316227764,-0.948683321
3497,0.316227764,-0.948683321
3498,0.316227764,-0.948683321
3499,-0.316227764,-0.948683321
3500,-0.316227764,0.948683321
3501,-0.948683321,0.948683321
3502,0.316227764,0.948683321
3503,0.316227764,-0.316227764
3504,-0.948683321,-0.316227764
3505,0.948683321,-0.316227764
3506,0.316227764,0.948683321
3507,0.316227764,-0.316227764
3508,0.316227764,0.948683321
3509,-0.948683321,0.948683321
3510,0.316227764,-0.948683321
3511,-0.316227764,-0.948683321
3512,0.948683321,-0.948683321
3513,0.948683321,0.948683321
3514,0.948683321,0.316227764
3515,0.948683321,-0.316227764
3516,0.316227764,0.316227764
3517,-0.948683321,-0.948683321
3518,0.948683321,0.316227764
3519,-0.316227764,-0.316227764
3520,-0.948683321,0.316227764
3521,0.948683321,-0.948683321
3522,0.948683321,-0.316227764
3523,-0.948683321,-0.948683321
3524,-0.948683321,0.316227764
3525,-0.948683321,-0.948683321
3526,0.948683321,0.948683321
3527,0.316227764,-0.948683321
3528,0.948683321,0.948683321
3529,-0.948683321,0.948683321
3530,0.316227764,-0.948683321
3531,0.948683321,0.316227764
3532,-0.948683321,0.316227764
3533,0.316227764,-0.948683321
3534,-0.948683321,-0.948683321
3535,0.948683321,0.316227764
3536,0.948683321,0.948683321
3537,-0.316227764,0.316227764
3538,-0.948683321,-0.948683321
3539,0.948683321,0.948683321
3540,-0.948683321,0.316227764
3541,0.316227764,-0.316227764
3542,-0.316227764,0.316227764
3543,0.948683321,0.316227764
3544,0.948683321,0.316227764
3545,0.316227764,0.948683321
3546,0.948683321,0.316227764
3547,-0.316227764,0.948683321
3548,0.948683321,0.316227764
3549,0.948683321,0.316227764
3550,0.316227764,0.316227764
3551,-0.316227764,0.948683321
3552,0.316227764,-0.316227764
3553,0.948683321,0.948683321
3554,-0.948683321,0.316227764
3555,0.948683321,-0.316227764
3556,0.948683321,-0.316227764
3557,0.316227764,-0.948683321
3558,0.316227764,-0.948683321
3559,-0.316227764,0.316227764
3560,0.948683321,0.948683321
3561,-0.316227764,-0.948683321
3562,0.948683321,0.948683321
3563,0.316227764,0.316227764
3564,-0.948683321,-0.316227764
3565,-0.316227764,0.948683321
3566,-0.948683321,-0.316227764
3567,0.316227764,0.316227764
3568,0.316227764,-0.316227764
3569,0.948683321,0.948683321
3570,0.948683321,-0.316227764
3571,-0.316227764,-0.316227764
3572,0.316227764,0.316227764
3573,-0.948683321,-0.948683321
3574,-0.948683321,0.948683321
3575,-0.316227764,0.948683321
3576,0.948683321,-0.948683321
3577,0.316227764,-0.948683321
3578,-0.316227764,-0.316227764
3579,-0.316227764,0.948683321
3580,0.316227764,-0.948683321
3581,-0.948683321,0.948683321
3582,0.948683321,0.316227764
3583,0.948683321,-0.316227764
3584,-0.948683321,0.316227764
3585,0.316227764,-0.316227764
3586,0.948683321,0.316227764
3587,-0.948683321,-0.316227764
3588,-0.948683321,0.316227764
3589,0.316227764,0.948683321
3590,-0.316227764,0.316227764
3591,0.316227764,-0.316227764
3592,0.316227764,0.316227764
3593,-0.316227764,0.948683321
3594,-0.316227764,0.948683321
3595,-0.316227764,-0.316227764
3596,-0.316227764,0.316227764
3597,-0.948683321,0.316227764
3598,-0.316227764,0.316227764
3599,0.948683321,0.316227764
3600,-0.948683321,-0.948683321
3601,-0.316227764,0.948683321
3602,0.948683321,-0.948683321
3603,0.948683321,-0.948683321
3604,0.948683321,0.316227764
3605,-0.948683321,0.316227764
3606,0.948683321,0.316227764
3607,-0.948683321,-0.948683321
3608,0.948683321,0.316227764
3609,0.948683321,-0.316227764
3610,-0.948683321,-0.316227764
3611,0.316227764,0.948683321
3612,-0.948683321,-0.948683321
3613,0.316227764,-0.948683321
3614,0.948683321,0.316227764
3615,0.948683321,0.948683321
3616,-0.316227764,0.948683321
3617,-0.316227764,0.948683321
3618,0.316227764,-0.316227764
3619,0.316227764,-0.316227764
3620,-0.948683321,-0.316227764
3621,0.948683321,0.948683321
3622,-0.316227764,0.316227764
3623,-0.316227764,0.316227764
3624,-0.948683321,0.948683321
3625,-0.316227764,-0.948683321
3626,0.316227764,-0.948683321
3627,-0.948683321,0.316227764
3628,0.316227764,-0.948683321
3629,-0.316227764,0.948683321
3630,-0.316227764,0.316227764
3631,0.316227764,0.316227764
3632,0.316227764,0.316227764
3633,-0.316227764,-0.316227764
3634,0.316227764,0.316227764
3635,0.316227764,0.316227764
3636,0.316227764,0.316227764
3637,0.316227764,-0.316227764
3638,0.948683321,0.316227764
3639,-0.316227764,0.948683321
3640,0.948683321,-0.948683321
3641,0.316227764,-0.316227764
3642,0.316227764,-0.948683321
3643,0.316227764,0.316227764
3644,-0.948683321,0.948683321
3645,0.316227764,0.948683321
3646,-0.316227764,-0.948683321
3647,0.316227764,0.316227764
3648,-0.948683321,0.948683321
3649,0.316227764,-0.948683321
3650,0.316227764,0.316227764
3651,-0.316227764,-0.316227764
3652,0.316227764,-0.316227764
3653,0.316227764,-0.316227764
3654,-0.316227764,-0.948683321
3655,-0.316227764,0.316227764
3656,0.316227764,-0.316227764
3657,0.948683321,-0.948683321
3658,-0.316227764,-0.948683321
3659,-0.316227764,-0.316227764
3660,0.316227764,0.948683321
3661,0.316227764,-0.316227764
3662,0.948683321,-0.316227764
3663,-0.316227764,-0.316227764
3664,0.316227764,-0.316227764
3665,-0.948683321,-0.948683321
3666,-0.316227764,-0.316227764
3667,0.948683321,-0.948683321
3668,0.316227764,0.948683321
3669,0.948683321,0.948683321
3670,0.948683321,0.316227764
3671,-0.316227764,-0.948683321
3672,-0.948683321,0.316227764
3673,-0.948683321,0.948683321
3674,0.316227764,-0.316227764
3675,0.316227764,-0.948683321
3676,-0.316227764,0.948683321
3677,0.948683321,0.948683321
3678,0.316227764,-0.316227764
3679,-0.316227764,-0.316227764
3680,-0.316227764,0.316227764
3681,-0.316227764,-0.948683321
3682,0.948683321,0.316227764
3683,-0.316227764,0.948683321
3684,-0.316227764,-0.316227764
3685,-0.948683321,0.316227764
3686,-0.316227764,-0.948683321
3687,-0.316227764,-0.316227764
3688,-0.316227764,-0.948683321
3689,-0.316227764,0.316227764
3690,-0.948683321,0.948683321
3691,-0.316227764,0.948683321
3692,-0.316227764,0.948683321
3693,0.948683321,0.316227764
3694,0.316227764,-0.948683321
3695,-0.316227764,0.948683321
3696,-0.948683321,-0.316227764
3697,0.316227764,0.948683321
3698,-0.316227764,-0.316227764
3699,0.948683321,0.948683321
3700,-0.948683321,0.316227764
3701,0.316227764,-0.948683321
3702,0.948683321,0.948683321
3703,0.948683321,0.316227764
3704,-0.948683321,0.316227764
3705,-0.948683321,-0.948683321
3706,0.948683321,-0.948683321
3707,0.316227764,0.316227764
3708,-0.948683321,0.948683321
3709,-0.316227764,0.948683321
3710,0.316227764,-0.316227764
3711,0.948683321,0.316227764
3712,0.316227764,-0.948683321
3713,0.316227764,0.948683321
3714,0.316227764,-0.948683321
3715,-0.316227764,-0.948683321
3716,0.316227764,0.316227764
3717,-0.948683321,-0.948683321
3718,0.948683321,0.316227764
3719,0.948683321,0.948683321
3720,-0.948683321,-0.948683321
3721,0.948683321,-0.316227764
3722,0.316227764,0.948683321
3723,0.316227764,-0.316227764
3724,-0.316227764,0.316227764
3725,0.948683321,0.316227764
3726,0.948683321,0.948683321
3727,0.948683321,0.948683321
3728,0.948683321,-0.316227764
3729,0.316227764,-0.948683321
3730,-0.948683321,-0.316227764
3731,-0.316227764,0.948683321
3732,0.316227764,-0.948683321
3733,-0.948683321,0.948683321
3734,-0.316227764,-0.948683321
3735,-0.948683321,0.316227764
3736,-0.948683321,0.316227764
3737,-0.316227764,0.316227764
3738,-0.316227764,-0.948683321
3739,-0.316227764,0.316227764
3740,-0.948683321,0.948683321
3741,0.316227764,-0.948683321
3742,0.948683321,0.316227764
3743,-0.316227764,-0.316227764
3744,-0.948683321,-0.948683321
3745,-0.948683321,-0.316227764
3746,-0.948683321,0.316227764
3747,-0.948683321,0.948683321
3748,0.948683321,0.316227764
3749,-0.948683321,0.316227764
3750,-0.316227764,-0.948683321
3751,0.316227764,0.948683321
3752,0.948683321,0.316227764
3753,0.316227764,0.316227764
3754,0.316227764,0.316227764
3755,0.316227764,-0.316227764
3756,-0.948683321,-0.316227764
3757,0.316227764,0.316227764
3758,0.948683321,-0.316227764
3759,0.948683321,-0.948683321
3760,0.948683321,-0.948683321
3761,0.948683321,-0.948683321
3762,0.948683321,0.316227764
3763,0.948683321,-0.316227764
3764,0.316227764,0.948683321
3765,0.316227764,0.316227764
3766,-0.316227764,-0.316227764
3767,0.316227764,0.948683321
3768,-0.948683321,0.316227764
3769,0.948683321,-0.948683321
3770,0.316227764,0.948683321
3771,0.316227764,0.948683321
3772,-0.948683321,0.948683321
3773,0.948683321,0.948683321
3774,-0.316227764,0.316227764
3775,-0.316227764,-0.316227764
3776,0.316227764,0.948683321
3777,-0.316227764,-0.948683321
3778,-0.316227764,0.948683321
3779,-0.948683321,0.316227764
3780,0.948683321,0.948683321
3781,-0.316227764,0.316227764
3782,0.316227764,0.316227764
3783,0.316227764,0.316227764
3784,-0.316227764,0.316227764
3785,-0.948683321,-0.316227764
3786,-0.948683321,0.316227764
3787,0.948683321,-0.948683321
3788,-0.948683321,0.316227764
3789,0.948683321,0.948683321
3790,0.316227764,-0.316227764
3791,-0.316227764,-0.316227764
3792,-0.948683321,-0.948683321
3793,0.948683321,-0.316227764
3794,-0.948683321,0.316227764
3795,0.948683321,-0.316227764
3796,0.948683321,0.316227764
3797,0.948683321,0.948683321
3798,0.948683321,0.948683321
3799,0.948683321,0.948683321
3800,0.948683321,0.948683321
3801,0.948683321,-0.948683321
3802,0.948683321,-0.948683321
3803,0.316227764,0.948683321
3804,-0.948683321,-0.316227764
3805,-0.948683321,-0.316227764
3806,0.948683321,0.316227764
3807,0.316227764,0.948683321
3808,-0.316227764,0.948683321
3809,0.948683321,-0.948683321
3810,-0.316227764,-0.316227764
3811,0.316227764,-0.316227764
3812,0.316227764,0.948683321
3813,0.948683321,0.948683321
3814,0.316227764,-0.948683321
3815,0.316227764,-0.316227764
3816,-0.316227764,-0.316227764
3817,0.316227764,0.948683321
3818,-0.948683321,0.948683321
3819,0.316227764,0.316227764
3820,-0.948683321,-0.316227764
3821,0.316227764,0.948683321
3822,0.316227764,-0.316227764
3823,-0.316227764,-0.948683321
3824,-0.948683321,-0.316227764
3825,-0.948683321,-0.316227764
3826,-0.316227764,-0.316227764
3827,0.316227764,0.948683321
3828,-0.316227764,0.948683321
3829,0.948683321,0.948683321
3830,0.948683321,-0.948683321
3831,-0.316227764,0.948683321
3832,0.948683321,0.316227764
3833,-0.316227764,0.316227764
3834,0.316227764,0.316227764
3835,-0.948683321,0.948683321
3836,0.948683321,0.316227764
3837,-0.316227764,-0.316227764
3838,-0.316227764,-0.316227764
3839,0.316227764,0.316227764
3840,-0.948683321,-0.948683321
3841,0.316227764,0.316227764
3842,-0.316227764,-0.316227764
3843,-0.316227764,-0.316227764
3844,0.316227764,-0.316227764
3845,-0.948683321,-0.316227764
3846,0.948683321,0.948683321
3847,-0.948683321,-0.948683321
3848,-0.316227764,-0.948683321
3849,0.316227764,-0.316227764
3850,-0.948683321,0.316227764
3851,-0.316227764,0.948683321
3852,-0.316227764,0.948683321
3853,0.948683321,-0.316227764
3854,0.948683321,0.316227764
3855,0.948683321,-0.316227764
3856,0.316227764,-0.948683321
3857,0.948683321,-0.316227764
3858,0.948683321,-0.948683321
3859,-0.948683321,0.948683321
3860,0.316227764,-0.316227764
3861,-0.948683321,-0.948683321
3862,0.316227764,0.316227764
3863,-0.948683321,0.316227764
3864,0.948683321,-0.948683321
3865,0.948683321,-0.948683321
3866,0.316227764,0.948683321
3867,-0.316227764,0.316227764
3868,-0.948683321,-0.316227764
3869,-0.316227764,0.316227764
3870,0.316227764,0.948683321
3871,-0.948683321,0.948683321
3872,0.316227764,0.948683321
3873,-0.948683321,0.948683321
3874,-0.948683321,0.316227764
3875,-0.948683321,0.948683321
3876,-0.948683321,0.948683321
3877,-0.948683321,0.948683321
3878,0.948683321,-0.316227764
3879,0.316227764,-0.948683321
3880,-0.948683321,0.948683321
3881,0.316227764,-0.316227764
3882,0.316227764,-0.316227764
3883,-0.948683321,-0.948683321
3884,-0.948683321,-0.948683321
3885,0.316227764,-0.316227764
3886,0.948683321,-0.948683321
3887,-0.316227764,-0.948683321
3888,0.948683321,0.948683321
3889,-0.316227764,0.948683321
3890,0.316227764,0.948683321
3891,-0.948683321,-0.316227764
3892,-0.316227764,-0.316227764
3893,-0.948683321,0.316227764
3894,0.948683321,-0.316227764
3895,-0.948683321,-0.316227764
3896,0.948683321,0.316227764
3897,-0.948683321,0.316227764
3898,-0.948683321,0.316227764
3899,-0.948683321,0.316227764
3900,-0.948683321,0.316227764
3901,0.316227764,0.316227764
3902,-0.316227764,0.316227764
3903,-0.948683321,-0.316227764
3904,-0.316227764,-0.948683321
3905,-0.316227764,0.316227764
3906,0.948683321,-0.316227764
3907,-0.316227764,0.316227764
3908,0.316227764,0.316227764
3909,-0.948683321,0.316227764
3910,0.948683321,0.316227764
3911,0.948683321,0.316227764
3912,0.316227764,-0.948683321
3913,0.948683321,-0.948683321
3914,-0.948683321,0.316227764
3915,0.948683321,0.316227764
3916,0.316227764,-0.948683321
3917,0.316227764,0.948683321
3918,-0.948683321,-0.948683321
3919,0.316227764,0.316227764
3920,-0.948683321,0.948683321
3921,-0.316227764,-0.948683321
3922,0.948683321,0.948683321
3923,-0.316227764,-0.948683321
3924,-0.316227764,-0.316227764
3925,-0.316227764,-0.948683321
3926,-0.948683321,0.948683321
3927,0.948683321,-0.948683321
3928,-0.316227764,0.316227764
3929,-0.316227764,-0.316227764
3930,-0.948683321,0.948683321
3931,-0.948683321,-0.316227764
3932,0.316227764,0.316227764
3933,0.316227764,0.316227764
3934,-0.316227764,0.316227764
3935,0.948683321,0.948683321
3936,0.316227764,-0.316227764
3937,-0.316227764,0.948683321
3938,-0.948683321,-0.316227764
3939,0.948683321,-0.316227764
3940,-0.316227764,0.316227764
3941,0.948683321,0.948683321
3942,0.316227764,-0.948683321
3943,-0.316227764,0.316227764
3944,0.948683321,0.948683321
3945,-0.948683321,0.316227764
3946,-0.948683321,-0.948683321
3947,0.948683321,-0.316227764
3948,-0.948683321,0.316227764
3949,0.316227764,0.948683321
3950,-0.948683321,-0.948683321
3951,-0.316227764,-0.948683321
3952,0.316227764,0.948683321
3953,-0.948683321,-0.948683321
3954,-0.316227764,0.948683321
3955,0.948683321,0.316227764
3956,0.316227764,-0.316227764
3957,0.316227764,-0.316227764
3958,-0.948683321,-0.948683321
3959,0.316227764,0.316227764
3960,0.316227764,-0.316227764
3961,0.948683321,0.316227764
3962,0.948683321,0.948683321
3963,-0.316227764,0.316227764
3964,0.948683321,-0.316227764
3965,0.316227764,-0.316227764
3966,-0.316227764,0.316227764
3967,0.316227764,-0.948683321
3968,-0.948683321,0.316227764
3969,0.948683321,0.316227764
3970,0.316227764,0.948683321
3971,-0.316227764,-0.948683321
3972,0.316227764,-0.948683321
3973,0.948683321,0.948683321
3974,0.948683321,0.948683321
3975,0.948683321,-0.948683321
3976,0.948683321,0.948683321
3977,0.948683321,-0.316227764
3978,-0.948683321,-0.316227764
3979,-0.316227764,0.316227764
3980,0.948683321,0.948683321
3981,-0.948683321,-0.316227764
3982,-0.948683321,-0.948683321
3983,0.316227764,-0.316227764
3984,0.948683321,0.948683321
3985,-0.948683321,0.316227764
3986,0.948683321,0.948683321
3987,0.316227764,0.316227764
3988,0.948683321,-0.316227764
3989,-0.316227764,-0.948683321
3990,0.316227764,-0.316227764
3991,0.948683321,-0.948683321
3992,0.948683321,0.948683321
3993,-0.316227764,-0.948683321
3994,-0.948683321,0.948683321
3995,-0.948683321,0.948683321
3996,0.316227764,0.316227764
3997,-0.316227764,0.316227764
3998,-0.316227764,0.316227764
3999,-0.316227764,0.316227764
4000,0.948683321,-0.948683321
4001,-0.316227764,-0.948683321
4002,0.948683321,-0.316227764
4003,0.948683321,0.948683321
4004,0.948683321,-0.316227764
4005,0.316227764,-0.948683321
4006,0.948683321,-0.948683321
4007,-0.316227764,-0.948683321
4008,0.316227764,0.948683321
4009,-0.948683321,-0.316227764
4010,-0.316227764,-0.948683321
4011,0.316227764,0.948683321
4012,-0.316227764,0.948683321
4013,-0.948683321,-0.948683321
4014,-0.948683321,-0.948683321
4015,0.948683321,0.316227764
4016,-0.948683321,-0.316227764
4017,-0.316227764,-0.316227764
4018,0.948683321,0.316227764
4019,0.948683321,0.316227764
4020,-0.948683321,-0.316227764
4021,-0.316227764,0.948683321
4022,-0.316227764,0.948683321
4023,0.316227764,0.316227764
4024,0.948683321,0.948683321
4025,-0.316227764,0.316227764
4026,0.316227764,-0.948683321
4027,-0.316227764,0.316227764
4028,0.316227764,-0.316227764
4029,-0.316227764,0.948683321
4030,0.316227764,0.948683321
4031,0.948683321,-0.316227764
4032,0.948683321,0.316227764
4033,-0.948683321,0.948683321
4034,0.948683321,0.948683321
4035,0.948683321,-0.316227764
4036,0.948683321,0.948683321
4037,-0.948683321,0.316227764
4038,0.948683321,-0.948683321
4039,-0.948683321,-0.948683321
4040,-0.316227764,0.316227764
4041,-0.316227764,-0.948683321
4042,0.316227764,0.316227764
4043,-0.948683321,-0.316227764
4044,-0.316227764,-0.948683321
4045,0.316227764,0.948683321
4046,-0.316227764,0.316227764
4047,0.948683321,0.948683321
4048,0.948683321,0.948683321
4049,0.316227764,0.316227764
4050,-0.948683321,0.948683321
4051,0.316227764,0.316227764
4052,-0.316227764,-0.316227764
4053,0.948683321,-0.948683321
4054,0.948683321,-0.316227764
4055,-0.948683321,-0.316227764
4056,-0.948683321,0.316227764
4057,0.948683321,-0.316227764
4058,-0.948683321,0.316227764
4059,-0.948683321,-0.316227764
4060,-0.316227764,-0.948683321
4061,-0.948683321,-0.948683321
4062,-0.948683321,-0.948683321
4063,0.948683321,-0.948683321
4064,-0.316227764,-0.948683321
4065,-0.316227764,0.316227764
4066,-0.948683321,-0.948683321
4067,0.316227764,-0.316227764
4068,-0.948683321,0.316227764
4069,-0.316227764,0.316227764
4070,0.948683321,0.948683321
4071,0.316227764,0.948683321
4072,-0.316227764,0.948683321
4073,0.948683321,-0.316227764
4074,0.316227764,0.948683321
4075,-0.316227764,0.948683321
4076,0.948683321,-0.948683321
4077,-0.948683321,-0.316227764
4078,-0.948683321,-0.316227764
4079,0.316227764,-0.316227764
4080,0.948683321,0.316227764
4081,0.948683321,-0.316227764
4082,0.316227764,0.316227764
4083,0.316227764,-0.316227764
4084,-0.316227764,0.316227764
4085,-0.948683321,-0.316227764
4086,-0.948683321,0.316227764
4087,-0.316227764,-0.316227764
4088,-0.316227764,0.316227764
4089,-0.316227764,-0.948683321
4090,0.316227764,-0.316227764
4091,-0.948683321,-0.316227764
4092,0.316227764,0.948683321
4093,-0.316227764,-0.316227764
4094,0.316227764,-0.316227764
4095,0.316227764,-0.948683321
4096,0.316227764,-0.316227764
4097,-0.316227764,-0.948683321
4098,-0.316227764,-0.948683321
4099,0.316227764,0.316227764
4100,-0.948683321,-0.948683321
4101,0.948683321,-0.948683321
4102,-0.316227764,-0.948683321
4103,0.948683321,-0.316227764
4104,-0.948683321,0.316227764
4105,0.948683321,0.948683321
4106,0.948683321,-0.316227764
4107,-0.948683321,0.316227764
4108,-0.948683321,0.316227764
4109,0.948683321,-0.316227764
4110,-0.948683321,-0.948683321
4111,0.316227764,-0.948683321
4112,-0.316227764,0.316227764
4113,-0.948683321,-0.316227764
4114,-0.948683321,-0.316227764
4115,-0.316227764,0.948683321
4116,-0.948683321,0.316227764
4117,0.316227764,-0.316227764
4118,0.316227764,-0.316227764
4119,0.948683321,-0.948683321
4120,0.316227764,-0.316227764
4121,-0.948683321,-0.316227764
4122,-0.316227764,-0.316227764
4123,-0.948683321,-0.316227764
4124,0.948683321,-0.948683321
4125,-0.948683321,0.948683321
4126,-0.948683321,-0.316227764
4127,-0.316227764,0.948683321
4128,-0.316227764,-0.316227764
4129,-0.948683321,-0.316227764
4130,0.316227764,-0.316227764
4131,0.316227764,0.316227764
4132,0.316227764,-0.948683321
4133,0.948683321,0.948683321
4134,-0.948683321,0.948683321
4135,-0.948683321,-0.948683321
4136,-0.316227764,0.948683321
4137,-0.948683321,-0.948683321
4138,-0.316227764,0.948683321
4139,0.948683321,-0.316227764
4140,-0.948683321,0.316227764
4141,-0.948683321,-0.948683321
4142,0.948683321,-0.948683321
4143,0.316227764,-0.948683321
4144,-0.316227764,0.316227764
4145,0.948683321,-0.316227764
4146,0.316227764,-0.948683321
4147,-0.316227764,0.316227764
4148,-0.948683321,-0.948683321
4149,-0.316227764,-0.948683321
4150,-0.316227764,-0.948683321
4151,0.948683321,0.948683321
4152,0.948683321,0.316227764
4153,0.316227764,-0.316227764
4154,0.948683321,0.316227764
4155,-0.316227764,-0.316227764
4156,0.316227764,0.948683321
4157,-0.316227764,-0.948683321
4158,-0.948683321,-0.948683321
4159,0.948683321,0.948683321
4160,-0.316227764,-0.948683321
4161,0.316227764,0.948683321
4162,0.948683321,0.948683321
4163,0.316227764,-0.316227764
4164,0.316227764,-0.948683321
4165,0.316227764,-0.316227764
4166,0.948683321,-0.948683321
4167,0.948683321,-0.316227764
4168,0.316227764,0.316227764
4169,0.316227764,-0.948683321
4170,0.948683321,-0.948683321
4171,-0.316227764,-0.948683321
4172,0.316227764,0.316227764
4173,0.948683321,0.948683321
4174,-0.316227764,0.316227764
4175,-0.948683321,0.316227764
4176,-0.948683321,-0.316227764
4177,-0.948683321,-0.948683321
4178,-0.948683321,-0.948683321
4179,0.948683321,0.948683321
4180,-0.316227764,-0.948683321
4181,-0.316227764,-0.316227764
4182,0.948683321,-0.948683321
4183,0.316227764,-0.948683321
4184,0.948683321,-0.316227764
4185,-0.948683321,-0.316227764
4186,-0.316227764,0.948683321
4187,-0.948683321,0.316227764
4188,-0.316227764,-0.948683321
4189,-0.316227764,-0.316227764
4190,-0.948683321,0.316227764
4191,-0.948683321,-0.948683321
4192,-0.948683321,0.948683321
4193,-0.316227764,0.948683321
4194,0.316227764,0.316227764
4195,0.948683321,-0.948683321
4196,-0.316227764,0.948683321
4197,-0.316227764,-0.948683321
4198,0.948683321,0.948683321
4199,-0.316227764,0.316227764
4200,-0.948683321,-0.316227764
4201,-0.316227764,0.316227764
4202,0.316227764,-0.948683321
4203,-0.948683321,0.316227764
4204,-0.316227764,0.948683321
4205,-0.948683321,-0.316227764
4206,-0.948683321,-0.316227764
4207,-0.948683321,0.316227764
4208,0.316227764,0.948683321
4209,0.316227764,0.948683321
4210,-0.316227764,-0.316227764
4211,0.948683321,-0.316227764
4212,-0.316227764,-0.948683321
4213,0.948683321,0.316227764
4214,-0.316227764,0.948683321
4215,-0.948683321,0.948683321
4216,-0.948683321,-0.316227764
4217,0.316227764,-0.948683321
4218,-0.948683321,0.316227764
4219,0.948683321,0.948683321
4220,-0.316227764,-0.948683321
4221,0.948683321,0.316227764
4222,0.316227764,-0.948683321
4223,0.948683321,0.948683321
4224,-0.316227764,0.948683321
4225,-0.316227764,-0.948683321
4226,0.948683321,0.948683321
4227,-0.948683321,-0.948683321
4228,-0.316227764,-0.316227764
4229,-0.316227764,-0.948683321
4230,-0.316227764,0.316227764
4231,-0.316227764,0.948683321
4232,0.948683321,-0.948683321
4233,-0.948683321,0.316227764
4234,0.316227764,0.316227764
4235,-0.948683321,-0.316227764
4236,0.316227764,-0.316227764
4237,-0.948683321,-0.948683321
4238,-0.948683321,-0.948683321
4239,-0.316227764,-0.948683321
4240,0.316227764,0.316227764
4241,0.948683321,0.316227764
4242,-0.316227764,0.316227764
4243,0.948683321,-0.316227764
4244,0.948683321,0.948683321
4245,0.316227764,-0.948683321
4246,-0.948683321,0.316227764
4247,0.316227764,-0.316227764
4248,0.316227764,0.316227764
4249,0.316227764,-0.948683321
4250,0.316227764,-0.948683321
4251,0.948683321,0.948683321
4252,0.316227764,-0.316227764
4253,-0.316227764,-0.948683321
4254,-0.316227764,-0.316227764
4255,0.316227764,0.316227764
4256,-0.948683321,0.948683321
4257,0.948683321,-0.948683321
4258,-0.948683321,0.948683321
4259,-0.948683321,-0.948683321
4260,-0.948683321,0.316227764
4261,0.948683321,-0.316227764
4262,-0.948683321,-0.316227764
4263,0.948683321,0.948683321
4264,0.948683321,-0.948683321
4265,0.948683321,0.948683321
4266,-0.948683321,-0.316227764
4267,0.316227764,-0.316227764
4268,0.948683321,-0.948683321
4269,-0.948683321,-0.316227764
4270,-0.316227764,0.316227764
4271,0.948683321,-0.316227764
4272,-0.316227764,0.316227764
4273,-0.316227764,0.948683321
4274,0.948683321,0.316227764
4275,-0.316227764,-0.948683321
4276,0.316227764,-0.316227764
4277,-0.948683321,0.948683321
4278,-0.948683321,-0.316227764
4279,0.948683321,-0.316227764
4280,-0.948683321,-0.316227764
4281,-0.316227764,-0.948683321
4282,-0.948683321,-0.316227764
4283,-0.316227764,-0.948683321
4284,0.948683321,-0.948683321
4285,-0.316227764,0.948683321
4286,0.948683321,0.316227764
4287,0.316227764,0.316227764
4288,0.948683321,0.948683321
4289,-0.316227764,-0.316227764
4290,0.948683321,0.316227764
4291,0.316227764,-0.316227764
4292,-0.948683321,0.948683321
4293,-0.948683321,0.948683321
4294,-0.316227764,-0.948683321
4295,-0.316227764,0.316227764
4296,-0.948683321,-0.948683321
4297,0.948683321,-0.948683321
4298,0.948683321,-0.316227764
4299,0.316227764,-0.948683321
4300,-0.948683321,-0.316227764
4301,0.316227764,-0.316227764
4302,-0.948683321,0.948683321
4303,-0.316227764,0.948683321
4304,-0.948683321,0.316227764
4305,-0.316227764,0.316227764
4306,-0.948683321,-0.316227764
4307,0.316227764,-0.948683321
4308,0.316227764,-0.948683321
4309,0.948683321,0.316227764
4310,-0.948683321,-0.316227764
4311,0.948683321,0.316227764
4312,0.948683321,-0.948683321
4313,-0.948683321,-0.316227764
4314,-0.948683321,0.316227764
4315,0.948683321,0.948683321
4316,-0.948683321,-0.948683321
4317,0.948683321,0.316227764
4318,-0.316227764,-0.948683321
4319,0.316227764,0.316227764
4320,0.948683321,-0.316227764
4321,-0.316227764,0.316227764
4322,-0.948683321,0.948683321
4323,-0.316227764,-0.316227764
4324,0.316227764,0.948683321
4325,0.316227764,0.316227764
4326,-0.316227764,-0.316227764
4327,-0.948683321,-0.948683321
4328,0.316227764,-0.316227764
4329,-0.316227764,0.316227764
4330,-0.948683321,0.316227764
4331,0.948683321,-0.316227764
4332,-0.948683321,-0.316227764
4333,0.316227764,0.316227764
4334,0.316227764,0.948683321
4335,0.316227764,-0.948683321
4336,-0.316227764,0.948683321
4337,-0.948683321,-0.948683321
4338,0.316227764,0.316227764
4339,0.316227764,0.316227764
4340,-0.316227764,-0.316227764
4341,-0.948683321,0.316227764
4342,0.316227764,0.316227764
4343,-0.316227764,-0.948683321
4344,-0.948683321,-0.948683321
4345,0.948683321,0.316227764
4346,-0.948683321,0.316227764
4347,-0.948683321,-0.948683321
4348,-0.948683321,0.316227764
4349,-0.316227764,0.316227764
4350,-0.948683321,-0.948683321
4351,-0.948683321,0.316227764
4352,-0.948683321,-0.316227764
4353,0.316227764,0.948683321
4354,0.316227764,0.316227764
4355,-0.948683321,-0.948683321
4356,-0.316227764,0.316227764
4357,0.316227764,-0.948683321
4358,0.948683321,0.948683321
4359,0.948683321,0.948683321
4360,0.316227764,-0.948683321
4361,-0.948683321,-0.948683321
4362,0.948683321,-0.948683321
4363,-0.948683321,-0.316227764
4364,0.316227764,-0.948683321
4365,-0.948683321,-0.948683321
4366,0.948683321,-0.948683321
4367,0.316227764,-0.948683321
4368,0.948683321,-0.948683321
4369,0.948683321,-0.316227764
4370,0.316227764,0.948683321
4371,-0.948683321,0.948683321
4372,0.948683321,0.948683321
4373,0.316227764,0.948683321
4374,-0.948683321,0.948683321
4375,0.948683321,0.948683321
4376,-0.948683321,0.316227764
4377,0.316227764,0.948683321
4378,0.948683321,0.316227764
4379,0.948683321,-0.316227764
4380,0.316227764,-0.948683321
4381,0.316227764,-0.948683321
4382,-0.948683321,-0.948683321
4383,-0.316227764,-0.948683321
4384,0.316227764,-0.948683321
4385,0.948683321,-0.948683321
4386,0.316227764,0.316227764
4387,-0.948683321,0.316227764
4388,-0.316227764,-0.316227764
4389,0.316227764,0.316227764
4390,-0.316227764,-0.948683321
4391,0.948683321,0.948683321
4392,0.948683321,0.948683321
4393,-0.948683321,-0.948683321
4394,-0.316227764,0.948683321
4395,-0.316227764,0.948683321
4396,0.316227764,0.316227764
4397,0.316227764,0.316227764
4398,0.316227764,0.316227764
4399,-0.948683321,0.948683321
4400,0.948683321,0.948683321
4401,-0.316227764,-0.948683321
4402,0.948683321,0.316227764
4403,-0.316227764,0.316227764
4404,0.316227764,-0.316227764
4405,-0.948683321,-0.316227764
4406,-0.316227764,-0.316227764
4407,0.948683321,-0.316227764
4408,0.316227764,-0.948683321
4409,-0.316227764,-0.316227764
4410,-0.316227764,0.948683321
4411,0.316227764,0.316227764
4412,-0.316227764,-0.316227764
4413,-0.316227764,-0.948683321
4414,0.948683321,-0.948683321
4415,0.316227764,-0.948683321
4416,-0.316227764,0.316227764
4417,-0.948683321,-0.948683321
4418,-0.316227764,-0.948683321
4419,0.948683321,-0.948683321
4420,-0.948683321,0.948683321
4421,0.948683321,0.316227764
4422,-0.948683321,0.316227764
4423,0.316227764,-0.948683321
4424,-0.316227764,0.948683321
4425,-0.316227764,-0.316227764
4426,-0.316227764,0.316227764
4427,-0.316227764,-0.316227764
4428,0.316227764,0.316227764
4429,-0.948683321,0.948683321
4430,-0.316227764,-0.316227764
4431,-0.316227764,0.316227764
4432,0.316227764,0.316227764
4433,-0.316227764,-0.316227764
4434,-0.948683321,-0.948683321
4435,-0.316227764,0.316227764
4436,0.948683321,0.316227764
4437,0.948683321,0.316227764
4438,-0.948683321,-0.316227764
4439,-0.316227764,-0.316227764
4440,-0.316227764,0.316227764
4441,0.948683321,0.316227764
4442,-0.948683321,0.948683321
4443,-0.316227764,0.316227764
4444,0.316227764,-0.948683321
4445,0.316227764,0.316227764
4446,-0.948683321,-0.948683321
4447,0.316227764,-0.316227764
4448,-0.316227764,0.316227764
4449,-0.948683321,0.948683321
4450,0.316227764,0.316227764
4451,0.948683321,0.316227764
4452,0.316227764,0.948683321
4453,0.948683321,0.948683321
4454,0.948683321,0.948683321
4455,-0.948683321,-0.948683321
4456,-0.316227764,-0.316227764
4457,-0.316227764,0.316227764
4458,0.948683321,0.948683321
4459,-0.316227764,0.316227764
4460,0.316227764,-0.948683321
4461,-0.948683321,-0.316227764
4462,-0.948683321,-0.316227764
4463,0.316227764,0.948683321
4464,0.948683321,-0.316227764
4465,-0.948683321,-0.316227764
4466,0.948683321,0.316227764
4467,0.316227764,0.948683321
4468,0.316227764,0.948683321
4469,0.948683321,0.316227764
4470,0.948683321,0.316227764
4471,-0.316227764,0.316227764
4472,0.316227764,-0.316227764
4473,0.948683321,-0.948683321
4474,0.948683321,0.948683321
4475,0.316227764,-0.316227764
4476,-0.316227764,-0.316227764
4477,-0.948683321,-0.948683321
4478,0.948683321,0.316227764
4479,0.316227764,-0.948683321
4480,0.316227764,0.316227764
4481,-0.948683321,0.316227764
4482,0.948683321,0.316227764
4483,-0.948683321,0.316227764
4484,0.316227764,0.316227764
4485,-0.948683321,0.948683321
4486,0.316227764,-0.316227764
4487,-0.948683321,0.316227764
4488,-0.316227764,-0.948683321
4489,0.948683321,0.948683321
4490,-0.316227764,0.948683321
4491,-0.316227764,0.316227764
4492,-0.948683321,-0.316227764
4493,-0.948683321,0.948683321
4494,-0.316227764,0.948683321
4495,0.316227764,0.316227764
4496,0.316227764,-0.316227764
4497,0.948683321,0.316227764
4498,-0.948683321,-0.948683321
4499,0.948683321,0.316227764
4500,-0.948683321,0.948683321
4501,-0.316227764,-0.316227764
4502,-0.948683321,-0.948683321
4503,-0.948683321,0.948683321
4504,0.948683321,-0.316227764
4505,0.316227764,0.948683321
4506,-0.948683321,0.316227764
4507,-0.316227764,0.316227764
4508,0.948683321,-0.948683321
4509,-0.948683321,-0.948683321
4510,-0.316227764,0.948683321
4511,-0.948683321,-0.948683321
4512,0.316227764,-0.948683321
4513,-0.316227764,0.948683321
4514,0.316227764,0.948683321
4515,0.948683321,-0.316227764
4516,0.948683321,0.948683321
4517,0.948683321,-0.948683321
4518,0.316227764,0.316227764
4519,0.316227764,-0.948683321
4520,0.316227764,-0.316227764
4521,0.316227764,-0.316227764
4522,0.948683321,-0.316227764
4523,0.316227764,0.948683321
4524,-0.948683321,0.316227764
4525,-0.948683321,-0.316227764
4526,-0.948683321,-0.316227764
4527,-0.948683321,0.316227764
4528,0.316227764,0.316227764
4529,0.948683321,0.316227764
4530,0.948683321,0.316227764
4531,0.316227764,0.948683321
4532,-0.948683321,-0.948683321
4533,-0.948683321,-0.316227764
4534,0.316227764,0.316227764
4535,-0.948683321,0.316227764
4536,0.948683321,0.316227764
4537,0.316227764,-0.948683321
4538,-0.316227764,0.948683321
4539,0.948683321,0.316227764
4540,0.316227764,-0.316227764
4541,0.316227764,-0.316227764
4542,0.316227764,-0.316227764
4543,0.948683321,-0.948683321
4544,0.316227764,0.316227764
4545,-0.948683321,-0.948683321
4546,-0.316227764,-0.948683321
4547,-0.316227764,-0.316227764
4548,-0.316227764,0.948683321
4549,-0.316227764,-0.316227764
4550,-0.948683321,0.316227764
4551,0.316227764,0.948683321
4552,-0.316227764,0.948683321
4553,0.948683321,0.948683321
4554,0.316227764,0.948683321
4555,0.316227764,0.948683321
4556,-0.316227764,0.948683321
4557,0.948683321,-0.316227764
4558,-0.948683321,0.948683321
4559,0.316227764,0.948683321
4560,-0.316227764,0.316227764
4561,0.316227764,0.316227764
4562,0.948683321,0.316227764
4563,0.948683321,0.948683321
4564,-0.316227764,0.948683321
4565,-0.316227764,0.948683321
4566,0.316227764,0.316227764
4567,0.316227764,-0.316227764
4568,0.948683321,0.316227764
4569,0.316227764,0.948683321
4570,0.316227764,0.948683321
4571,-0.948683321,-0.316227764
4572,0.316227764,-0.948683321
4573,0.948683321,-0.316227764
4574,-0.948683321,0.948683321
4575,-0.316227764,0.948683321
4576,0.948683321,0.316227764
4577,0.316227764,0.316227764
4578,-0.316227764,-0.948683321
4579,-0.316227764,0.948683321
4580,-0.948683321,-0.316227764
4581,-0.316227764,0.316227764
4582,0.316227764,0.948683321
4583,-0.948683321,0.948683321
4584,-0.316227764,0.316227764
4585,0.948683321,0.316227764
4586,0.316227764,-0.316227764
4587,-0.948683321,-0.316227764
4588,-0.948683321,0.948683321
4589,0.316227764,0.316227764
4590,-0.316227764,-0.948683321
4591,0.948683321,0.316227764
4592,0.316227764,0.316227764
4593,0.948683321,-0.316227764
4594,-0.316227764,0.316227764
4595,0.948683321,-0.316227764
4596,0.948683321,-0.316227764
4597,-0.316227764,0.948683321
4598,0.316227764,0.316227764
4599,-0.948683321,0.948683321
4600,-0.316227764,-0.316227764
4601,0.316227764,0.948683321
4602,0.948683321,-0.948683321
4603,-0.948683321,-0.316227764
4604,-0.316227764,0.948683321
4605,-0.316227764,0.316227764
4606,0.316227764,0.316227764
4607,0.316227764,-0.948683321
4608,-0.948683321,0.948683321
4609,-0.316227764,0.316227764
4610,-0.948683321,-0.316227764
4611,-0.316227764,-0.948683321
4612,-0.948683321,0.316227764
4613,-0.948683321,-0.948683321
4614,0.948683321,0.948683321
4615,-0.316227764,0.316227764
4616,-0.316227764,-0.316227764
4617,-0.948683321,0.948683321
4618,0.316227764,0.316227764
4619,-0.316227764,0.316227764
4620,0.948683321,-0.316227764
4621,-0.948683321,0.316227764
4622,0.316227764,0.316227764
4623,0.316227764,-0.948683321
4624,-0.948683321,-0.316227764
4625,0.948683321,0.948683321
4626,-0.316227764,0.316227764
4627,0.948683321,0.948683321
4628,-0.316227764,-0.948683321
4629,-0.316227764,0.316227764
4630,0.316227764,-0.948683321
4631,-0.316227764,-0.948683321
4632,-0.316227764,0.948683321
4633,0.948683321,0.948683321
4634,0.948683321,0.316227764
4635,-0.316227764,-0.316227764
4636,0.948683321,-0.948683321
4637,-0.316227764,0.316227764
4638,-0.316227764,0.948683321
4639,0.316227764,-0.948683321
4640,0.948683321,0.948683321
4641,0.316227764,0.316227764
4642,-0.316227764,0.316227764
4643,-0.948683321,-0.316227764
4644,-0.948683321,0.948683321
4645,-0.948683321,0.316227764
4646,-0.316227764,0.948683321
4647,-0.948683321,-0.948683321
4648,0.948683321,0.948683321
4649,0.948683321,-0.948683321
4650,0.948683321,0.948683321
4651,0.316227764,0.948683321
4652,0.316227764,-0.316227764
4653,0.316227764,0.316227764
4654,0.948683321,-0.316227764
4655,0.316227764,0.948683321
4656,-0.316227764,-0.948683321
4657,0.316227764,-0.948683321
4658,0.948683321,0.316227764
4659,-0.948683321,-0.316227764
4660,-0.948683321,-0.316227764
4661,0.316227764,-0.948683321
4662,-0.948683321,0.948683321
4663,0.316227764,-0.948683321
4664,-0.948683321,0.316227764
4665,0.316227764,-0.948683321
4666,-0.316227764,0.316227764
4667,0.948683321,0.948683321
4668,-0.316227764,-0.316227764
4669,-0.316227764,-0.316227764
4670,0.316227764,-0.316227764
4671,0.316227764,0.948683321
4672,0.948683321,0.316227764
4673,0.316227764,0.948683321
4674,-0.316227764,-0.316227764
4675,-0.316227764,0.316227764
4676,-0.316227764,-0.316227764
4677,-0.948683321,-0.316227764
4678,0.948683321,0.948683321
4679,0.316227764,0.948683321
4680,-0.316227764,-0.948683321
4681,-0.948683321,-0.316227764
4682,0.316227764,0.316227764
4683,-0.948683321,0.316227764
4684,-0.948683321,-0.316227764
4685,0.316227764,0.316227764
4686,0.948683321,0.316227764
4687,0.948683321,-0.316227764
4688,-0.316227764,0.948683321
4689,0.316227764,0.316227764
4690,0.316227764,0.316227764
4691,0.316227764,0.948683321
4692,-0.316227764,0.316227764
4693,0.316227764,0.316227764
4694,0.316227764,-0.316227764
4695,-0.948683321,-0.316227764
4696,-0.316227764,-0.316227764
4697,-0.316227764,0.948683321
4698,0.948683321,-0.316227764
4699,0.948683321,0.316227764
4700,0.316227764,-0.316227764
4701,-0.316227764,-0.316227764
4702,-0.316227764,0.316227764
4703,-0.316227764,0.948683321
4704,0.948683321,-0.948683321
4705,-0.948683321,-0.316227764
4706,-0.316227764,0.316227764
4707,0.948683321,-0.948683321
4708,0.948683321,-0.316227764
4709,0.316227764,0.316227764
4710,0.316227764,-0.948683321
4711,0.316227764,-0.316227764
4712,0.316227764,-0.316227764
4713,-0.948683321,0.316227764
4714,0.316227764,-0.316227764
4715,-0.316227764,0.316227764
4716,-0.316227764,-0.316227764
4717,0.316227764,0.316227764
4718,0.948683321,-0.948683321
4719,-0.316227764,-0.948683321
4720,-0.948683321,-0.948683321
4721,-0.948683321,0.948683321
4722,-0.316227764,-0.948683321
4723,-0.948683321,0.948683321
4724,-0.316227764,0.948683321
4725,-0.316227764,0.316227764
4726,-0.948683321,0.316227764
4727,-0.948683321,-0.948683321
4728,0.948683321,0.316227764
4729,0.948683321,-0.948683321
4730,0.316227764,-0.316227764
4731,-0.316227764,0.948683321
4732,0.316227764,0.948683321
4733,-0.316227764,0.948683321
4734,-0.948683321,-0.316227764
4735,0.316227764,0.316227764
4736,0.948683321,0.948683321
4737,-0.948683321,-0.316227764
4738,0.948683321,0.316227764
4739,-0.948683321,0.948683321
4740,-0.316227764,0.948683321
4741,-0.316227764,-0.316227764
4742,0.948683321,-0.948683321
4743,-0.948683321,-0.316227764
4744,0.316227764,-0.948683321
4745,0.948683321,0.948683321
4746,0.316227764,0.948683321
4747,0.948683321,0.948683321
4748,-0.948683321,-0.948683321
4749,-0.316227764,0.316227764
4750,-0.316227764,-0.316227764
4751,0.316227764,-0.316227764
4752,0.948683321,-0.948683321
4753,0.948683321,-0.316227764
4754,0.948683321,-0.948683321
4755,-0.948683321,-0.948683321
4756,0.316227764,0.316227764
4757,0.948683321,0.948683321
4758,0.948683321,0.948683321
4759,0.316227764,-0.948683321
4760,-0.316227764,0.316227764
4761,0.316227764,0.316227764
4762,-0.948683321,0.316227764
4763,-0.316227764,0.948683321
4764,0.948683321,0.316227764
4765,-0.948683321,-0.316227764
4766,0.316227764,-0.316227764
4767,0.316227764,-0.948683321
4768,-0.948683321,0.948683321
4769,-0.316227764,-0.948683321
4770,-0.316227764,-0.948683321
4771,0.948683321,-0.316227764
4772,0.948683321,0.316227764
4773,0.316227764,-0.948683321
4774,-0.316227764,0.316227764
4775,-0.948683321,-0.948683321
4776,-0.948683321,0.316227764
4777,0.316227764,-0.316227764
4778,0.316227764,0.948683321
4779,-0.948683321,-0.316227764
4780,0.948683321,0.316227764
4781,0.316227764,0.948683321
4782,-0.948683321,0.316227764
4783,0.948683321,-0.316227764
4784,-0.316227764,-0.948683321
4785,0.948683321,-0.316227764
4786,0.316227764,0.948683321
4787,-0.316227764,-0.316227764
4788,0.316227764,0.316227764
4789,0.316227764,-0.316227764
4790,0.948683321,-0.948683321
4791,0.316227764,0.316227764
4792,0.316227764,-0.316227764
4793,0.316227764,-0.948683321
4794,0.948683321,0.316227764
4795,0.948683321,0.316227764
4796,0.948683321,0.316227764
4797,0.316227764,-0.948683321
4798,-0.948683321,-0.948683321
4799,0.948683321,-0.948683321
4800,0.316227764,0.948683321
4801,-0.316227764,0.316227764
4802,-0.316227764,-0.948683321
4803,-0.316227764,-0.316227764
4804,-0.316227764,-0.316227764
4805,0.948683321,-0.948683321
4806,0.948683321,-0.316227764
4807,0.948683321,-0.316227764
4808,-0.316227764,-0.316227764
4809,0.316227764,0.948683321
4810,-0.948683321,0.316227764
4811,-0.316227764,-0.316227764
4812,0.948683321,-0.316227764
4813,-0.948683321,0.316227764
4814,0.316227764,-0.316227764
4815,0.316227764,0.948683321
4816,0.316227764,0.316227764
4817,-0.948683321,0.316227764
4818,0.316227764,-0.948683321
4819,0.948683321,-0.948683321
4820,0.948683321,-0.316227764
4821,0.316227764,0.948683321
4822,0.316227764,-0.948683321
4823,-0.948683321,0.316227764
4824,0.316227764,-0.948683321
4825,-0.316227764,-0.948683321
4826,-0.948683321,0.948683321
4827,0.316227764,0.948683321
4828,0.316227764,0.948683321
4829,0.948683321,-0.316227764
4830,-0.316227764,0.948683321
4831,-0.948683321,0.316227764
4832,-0.948683321,0.316227764
4833,0.316227764,0.948683321
4834,-0.316227764,-0.948683321
4835,0.316227764,-0.948683321
4836,-0.316227764,0.948683321
4837,0.316227764,0.948683321
4838,0.316227764,0.316227764
4839,0.948683321,-0.948683321
4840,-0.948683321,0.948683321
4841,-0.948683321,-0.948683321
4842,-0.316227764,0.316227764
4843,-0.948683321,-0.316227764
4844,0.948683321,-0.316227764
4845,-0.316227764,-0.948683321
4846,0.316227764,-0.316227764
4847,0.316227764,-0.948683321
4848,-0.316227764,0.948683321
4849,-0.948683321,-0.316227764
4850,0.316227764,-0.948683321
4851,0.316227764,0.948683321
4852,-0.316227764,-0.948683321
4853,-0.948683321,0.948683321
4854,0.316227764,0.948683321
4855,-0.316227764,-0.316227764
4856,-0.948683321,-0.948683321
4857,-0.316227764,0.316227764
4858,-0.316227764,-0.316227764
4859,0.948683321,0.948683321
4860,0.316227764,-0.948683321
4861,0.948683321,-0.316227764
4862,0.948683321,0.948683321
4863,0.316227764,0.948683321
4864,-0.948683321,-0.316227764
4865,0.316227764,0.948683321
4866,-0.948683321,-0.948683321
4867,-0.948683321,0.316227764
4868,-0.948683321,0.948683321
4869,0.316227764,-0.316227764
4870,0.948683321,0.316227764
4871,-0.316227764,-0.948683321
4872,-0.316227764,0.316227764
4873,0.948683321,0.316227764
4874,0.948683321,-0.948683321
4875,-0.948683321,-0.948683321
4876,0.948683321,-0.316227764
4877,-0.948683321,0.948683321
4878,0.316227764,-0.316227764
4879,-0.948683321,0.948683321
4880,0.316227764,0.316227764
4881,0.948683321,0.948683321
4882,-0.316227764,-0.948683321
4883,-0.316227764,0.948683321
4884,-0.316227764,-0.316227764
4885,-0.316227764,-0.316227764
4886,-0.948683321,0.948683321
4887,0.316227764,0.316227764
4888,-0.316227764,0.948683321
4889,-0.316227764,-0.316227764
4890,-0.948683321,0.948683321
4891,-0.316227764,-0.948683321
4892,-0.948683321,-0.316227764
4893,-0.316227764,0.316227764
4894,-0.316227764,-0.948683321
4895,0.948683321,-0.948683321
4896,0.948683321,-0.948683321
4897,0.316227764,0.948683321
4898,-0.316227764,0.948683321
4899,0.948683321,0.948683321
4900,0.948683321,-0.948683321
4901,0.316227764,0.948683321
4902,0.948683321,-0.316227764
4903,0.948683321,-0.948683321
4904,0.948683321,-0.316227764
4905,-0.316227764,0.948683321
4906,-0.316227764,0.316227764
4907,-0.948683321,0.948683321
4908,0.948683321,0.948683321
4909,-0.948683321,0.948683321
4910,0.948683321,-0.316227764
4911,0.948683321,-0.948683321
4912,-0.316227764,-0.316227764
4913,-0.948683321,-0.316227764
4914,0.316227764,-0.316227764
4915,-0.948683321,0.948683321
4916,0.948683321,0.316227764
4917,0.948683321,-0.316227764
4918,-0.316227764,0.316227764
4919,0.316227764,0.316227764
4920,-0.316227764,0.948683321
4921,0.316227764,0.948683321
4922,-0.948683321,-0.948683321
4923,-0.948683321,-0.948683321
4924,-0.948683321,0.948683321
4925,-0.316227764,0.948683321
4926,-0.948683321,0.948683321
4927,-0.316227764,-0.316227764
4928,0.948683321,0.948683321
4929,-0.948683321,-0.948683321
4930,0.948683321,0.948683321
4931,-0.316227764,0.316227764
4932,-0.948683321,-0.948683321
4933,0.316227764,-0.316227764
4934,-0.316227764,-0.948683321
4935,-0.316227764,-0.316227764
4936,0.316227764,0.948683321
4937,-0.316227764,-0.948683321
4938,0.948683321,-0.948683321
4939,-0.316227764,0.316227764
4940,0.316227764,-0.316227764
4941,-0.316227764,-0.316227764
4942,-0.316227764,0.948683321
4943,0.948683321,0.316227764
4944,-0.948683321,-0.316227764
4945,-0.948683321,0.948683321
4946,-0.316227764,0.948683321
4947,0.948683321,-0.948683321
4948,0.316227764,-0.948683321
4949,-0.316227764,-0.316227764
4950,0.948683321,0.948683321
4951,-0.316227764,0.316227764
4952,-0.948683321,-0.948683321
4953,0.948683321,-0.316227764
4954,-0.948683321,-0.316227764
4955,-0.948683321,-0.948683321
4956,-0.948683321,0.316227764
4957,0.316227764,0.316227764
4958,0.948683321,-0.948683321
4959,-0.316227764,-0.948683321
4960,0.316227764,0.948683321
4961,-0.316227764,0.316227764
4962,0.316227764,-0.948683321
4963,0.948683321,0.948683321
4964,0.316227764,-0.948683321
4965,0.316227764,0.316227764
4966,-0.948683321,0.948683321
4967,0.948683321,0.948683321
4968,0.948683321,-0.316227764
4969,-0.316227764,-0.948683321
4970,0.948683321,-0.948683321
4971,-0.948683321,0.316227764
4972,-0.316227764,-0.316227764
4973,-0.948683321,-0.316227764
4974,-0.948683321,0.316227764
4975,0.948683321,0.948683321
4976,-0.948683321,-0.316227764
4977,-0.948683321,-0.316227764
4978,0.316227764,0.948683321
4979,0.316227764,-0.948683321
4980,-0.948683321,-0.948683321
4981,0.316227764,0.948683321
4982,0.316227764,-0.316227764
4983,0.948683321,-0.316227764
4984,0.948683321,0.948683321
4985,0.948683321,0.948683321
4986,0.948683321,0.948683321
4987,-0.948683321,-0.316227764
4988,-0.948683321,-0.948683321
4989,-0.948683321,0.948683321
4990,-0.948683321,-0.316227764
4991,0.316227764,0.948683321
4992,-0.316227764,-0.316227764
4993,-0.948683321,-0.948683321
4994,-0.316227764,0.948683321
4995,-0.948683321,0.316227764
4996,-0.316227764,-0.948683321
4997,-0.316227764,0.316227764
4998,0.948683321,0.316227764
4999,-0.948683321,0.316227764
