indice,I,Q
0,-0.707106769,-0.707106769
1,-0.707106769,0.707106769
2,0.707106769,-0.707106769
3,0.707106769,0.707106769
4,0.707106769,-0.707106769
5,-0.707106769,-0.707106769
6,-0.707106769,-0.707106769
7,-0.707106769,-0.707106769
8,0.707106769,0.707106769
9,0.707106769,0.707106769
10,-0.707106769,-0.707106769
11,-0.707106769,0.707106769
12,0.707106769,-0.707106769
13,0.707106769,-0.707106769
14,-0.707106769,-0.707106769
15,-0.707106769,0.707106769
16,0.707106769,0.707106769
17,0.707106769,-0.707106769
18,-0.707106769,-0.707106769
19,-0.707106769,-0.707106769
20,-0.707106769,0.707106769
21,-0.707106769,0.707106769
22,0.707106769,0.707106769
23,-0.707106769,0.707106769
24,0.707106769,0.707106769
25,0.707106769,0.707106769
26,-0.707106769,0.707106769
27,0.707106769,-0.707106769
28,0.707106769,-0.707106769
29,-0.707106769,0.707106769
30,-0.707106769,0.707106769
31,0.707106769,-0.707106769
32,0.707106769,0.707106769
33,0.707106769,-0.707106769
34,0.707106769,-0.707106769
35,0.707106769,-0.707106769
36,0.707106769,0.707106769
37,0.707106769,-0.707106769
38,0.707106769,0.707106769
39,-0.707106769,0.707106769
40,0.707106769,-0.707106769
41,0.707106769,-0.707106769
42,-0.707106769,-0.707106769
43,-0.707106769,0.707106769
44,0.707106769,0.707106769
45,-0.707106769,0.707106769
46,-0.707106769,-0.707106769
47,0.707106769,-0.707106769
48,0.707106769,0.707106769
49,-0.707106769,-0.707106769
50,0.707106769,0.707106769
51,0.707106769,0.707106769
52,-0.707106769,-0.707106769
53,0.707106769,-0.707106769
54,0.707106769,0.707106769
55,0.707106769,-0.707106769
56,0.707106769,-0.707106769
57,-0.707106769,-0.707106769
58,-0.707106769,0.707106769
59,-0.707106769,-0.707106769
60,-0.707106769,-0.707106769
61,0.707106769,0.707106769
62,0.707106769,-0.707106769
63,-0.707106769,0.707106769
64,-0.707106769,-0.707106769
65,-0.707106769,0.707106769
66,0.707106769,-0.707106769
67,0.707106769,0.707106769
68,0.707106769,0.707106769
69,0.707106769,-0.707106769
70,0.707106769,-0.707106769
71,0.707106769,0.707106769
72,-0.707106769,-0.707106769
73,-0.707106769,-0.707106769
74,-0.707106769,0.707106769
75,-0.707106769,0.707106769
76,-0.707106769,0.707106769
77,-0.707106769,0.707106769
78,0.707106769,-0.707106769
79,-0.707106769,0.707106769
80,0.707106769,-0.707106769
81,-0.707106769,-0.707106769
82,0.707106769,0.707106769
83,-0.707106769,-0.707106769
84,0.707106769,0.707106769
85,-0.707106769,-0.707106769
86,0.707106769,-0.707106769
87,0.707106769,-0.707106769
88,0.707106769,0.707106769
89,-0.707106769,-0.707106769
90,-0.707106769,0.707106769
91,-0.707106769,-0.707106769
92,0.707106769,0.707106769
93,0.707106769,-0.707106769
94,-0.707106769,0.707106769
95,-0.707106769,0.707106769
96,-0.707106769,0.707106769
97,0.707106769,0.707106769
98,-0.707106769,0.707106769
99,0.707106769,-0.707106769
100,0.707106769,0.707106769
101,0.707106769,-0.707106769
102,0.707106769,-0.707106769
103,0.707106769,0.707106769
104,-0.707106769,-0.707106769
105,-0.707106769,-0.707106769
106,0.707106769,-0.707106769
107,-0.707106769,0.707106769
108,-0.707106769,0.707106769
109,0.707106769,-0.707106769
110,-0.707106769,0.707106769
111,-0.707106769,-0.707106769
112,0.707106769,-0.707106769
113,-0.707106769,0.707106769
114,-0.707106769,0.707106769
115,-0.707106769,0.707106769
116,0.707106769,0.707106769
117,0.707106769,-0.707106769
118,0.707106769,-0.707106769
119,0.707106769,0.707106769
120,0.707106769,0.707106769
121,0.707106769,-0.707106769
122,0.707106769,0.707106769
123,-0.707106769,0.707106769
124,0.707106769,-0.707106769
125,0.707106769,-0.707106769
126,0.707106769,0.707106769
127,0.707106769,-0.707106769
128,0.707106769,-0.707106769
129,0.707106769,-0.707106769
130,-0.707106769,0.707106769
131,0.707106769,-0.707106769
132,0.707106769,0.707106769
133,-0.707106769,-0.707106769
134,0.707106769,-0.707106769
135,-0.707106769,-0.707106769
136,-0.707106769,0.707106769
137,-0.707106769,0.707106769
138,0.707106769,0.707106769
139,-0.707106769,-0.707106769
140,-0.707106769,-0.707106769
141,-0.707106769,0.707106769
142,-0.707106769,0.707106769
143,0.707106769,0.707106769
144,-0.707106769,0.707106769
145,0.707106769,-0.707106769
146,-0.707106769,-0.707106769
147,0.707106769,0.707106769
148,0.707106769,0.707106769
149,0.707106769,0.707106769
150,0.707106769,0.707106769
151,-0.707106769,-0.707106769
152,0.707106769,0.707106769
153,-0.707106769,-0.707106769
154,-0.707106769,-0.707106769
155,0.707106769,-0.707106769
156,0.707106769,0.707106769
157,0.707106769,-0.707106769
158,-0.707106769,0.707106769
159,-0.707106769,0.707106769
160,-0.707106769,0.707106769
161,-0.707106769,-0.707106769
162,-0.707106769,-0.707106769
163,-0.707106769,-0.707106769
164,0.707106769,0.707106769
165,0.707106769,-0.707106769
166,0.707106769,0.707106769
167,0.707106769,0.707106769
168,0.707106769,0.707106769
169,0.707106769,0.707106769
170,-0.707106769,0.707106769
171,0.707106769,0.707106769
172,-0.707106769,0.707106769
173,0.707106769,0.707106769
174,-0.707106769,-0.707106769
175,0.707106769,0.707106769
176,-0.707106769,-0.707106769
177,-0.707106769,-0.707106769
178,0.707106769,0.707106769
179,0.707106769,-0.707106769
180,-0.707106769,0.707106769
181,0.707106769,-0.707106769
182,0.707106769,-0.707106769
183,0.707106769,0.707106769
184,-0.707106769,-0.707106769
185,-0.707106769,0.707106769
186,0.707106769,0.707106769
187,0.707106769,-0.707106769
188,0.707106769,-0.707106769
189,-0.707106769,0.707106769
190,-0.707106769,-0.707106769
191,0.707106769,0.707106769
192,-0.707106769,0.707106769
193,0.707106769,0.707106769
194,-0.707106769,-0.707106769
195,0.707106769,-0.707106769
196,0.707106769,-0.707106769
197,0.707106769,-0.707106769
198,-0.707106769,-0.707106769
199,0.707106769,-0.707106769
200,0.707106769,0.707106769
201,-0.707106769,0.707106769
202,-0.707106769,-0.707106769
203,-0.707106769,0.707106769
204,-0.707106769,0.707106769
205,-0.707106769,-0.707106769
206,0.707106769,-0.707106769
207,0.707106769,-0.707106769
208,0.707106769,-0.707106769
209,0.707106769,-0.707106769
210,-0.707106769,-0.707106769
211,0.707106769,0.707106769
212,0.707106769,-0.707106769
213,-0.707106769,0.707106769
214,0.707106769,0.707106769
215,0.707106769,0.707106769
216,-0.707106769,-0.707106769
217,-0.707106769,-0.707106769
218,0.707106769,0.707106769
219,0.707106769,-0.707106769
220,0.707106769,0.707106769
221,0.707106769,-0.707106769
222,-0.707106769,-0.707106769
223,0.707106769,-0.707106769
224,0.707106769,0.707106769
225,-0.707106769,-0.707106769
226,-0.707106769,-0.707106769
227,-0.707106769,-0.707106769
228,-0.707106769,0.707106769
229,-0.707106769,-0.707106769
230,-0.707106769,0.707106769
231,0.707106769,0.707106769
232,0.707106769,-0.707106769
233,0.707106769,-0.707106769
234,-0.707106769,0.707106769
235,-0.707106769,-0.707106769
236,-0.707106769,-0.707106769
237,-0.707106769,0.707106769
238,-0.707106769,-0.707106769
239,-0.707106769,-0.707106769
240,-0.707106769,0.707106769
241,-0.707106769,0.707106769
242,-0.707106769,0.707106769
243,0.707106769,0.707106769
244,0.707106769,-0.707106769
245,0.707106769,0.707106769
246,-0.707106769,0.707106769
247,-0.707106769,-0.707106769
248,0.707106769,0.707106769
249,-0.707106769,-0.707106769
250,-0.707106769,0.707106769
251,0.707106769,0.707106769
252,0.707106769,0.707106769
253,-0.707106769,-0.707106769
254,-0.707106769,0.707106769
255,-0.707106769,-0.707106769
256,0.707106769,-0.707106769
257,0.707106769,-0.707106769
258,0.707106769,0.707106769
259,-0.707106769,-0.707106769
260,-0.707106769,-0.707106769
261,0.707106769,0.707106769
262,-0.707106769,0.707106769
263,0.707106769,-0.707106769
264,-0.707106769,0.707106769
265,0.707106769,-0.707106769
266,0.707106769,-0.707106769
267,-0.707106769,-0.707106769
268,-0.707106769,0.707106769
269,-0.707106769,-0.707106769
270,-0.707106769,-0.707106769
271,-0.707106769,0.707106769
272,-0.707106769,0.707106769
273,-0.707106769,0.707106769
274,-0.707106769,-0.707106769
275,-0.707106769,0.707106769
276,0.707106769,-0.707106769
277,0.707106769,-0.707106769
278,-0.707106769,0.707106769
279,0.707106769,0.707106769
280,-0.707106769,0.707106769
281,-0.707106769,0.707106769
282,0.707106769,-0.707106769
283,-0.707106769,-0.707106769
284,-0.707106769,0.707106769
285,0.707106769,-0.707106769
286,0.707106769,-0.707106769
287,-0.707106769,-0.707106769
288,-0.707106769,-0.707106769
289,-0.707106769,-0.707106769
290,-0.707106769,-0.707106769
291,0.707106769,-0.707106769
292,-0.707106769,0.707106769
293,0.707106769,-0.707106769
294,0.707106769,0.707106769
295,0.707106769,0.707106769
296,-0.707106769,-0.707106769
297,0.707106769,-0.707106769
298,-0.707106769,-0.707106769
299,-0.707106769,0.707106769
300,-0.707106769,-0.707106769
301,0.707106769,-0.707106769
302,-0.707106769,-0.707106769
303,-0.707106769,0.707106769
304,0.707106769,0.707106769
305,-0.707106769,-0.707106769
306,0.707106769,0.707106769
307,-0.707106769,0.707106769
308,-0.707106769,-0.707106769
309,-0.707106769,-0.707106769
310,0.707106769,-0.707106769
311,-0.707106769,-0.707106769
312,0.707106769,-0.707106769
313,0.707106769,-0.707106769
314,0.707106769,-0.707106769
315,0.707106769,0.707106769
316,-0.707106769,-0.707106769
317,0.707106769,0.707106769
318,0.707106769,0.707106769
319,-0.707106769,-0.707106769
320,-0.707106769,0.707106769
321,-0.707106769,-0.707106769
322,0.707106769,-0.707106769
323,-0.707106769,-0.707106769
324,0.707106769,-0.707106769
325,0.707106769,-0.707106769
326,-0.707106769,0.707106769
327,0.707106769,-0.707106769
328,-0.707106769,0.707106769
329,-0.707106769,0.707106769
330,-0.707106769,-0.707106769
331,0.707106769,-0.707106769
332,-0.707106769,-0.707106769
333,0.707106769,-0.707106769
334,0.707106769,-0.707106769
335,0.707106769,-0.707106769
336,-0.707106769,-0.707106769
337,-0.707106769,-0.707106769
338,0.707106769,0.707106769
339,-0.707106769,0.707106769
340,0.707106769,0.707106769
341,-0.707106769,0.707106769
342,0.707106769,-0.707106769
343,0.707106769,0.707106769
344,0.707106769,-0.707106769
345,0.707106769,-0.707106769
346,0.707106769,0.707106769
347,-0.707106769,-0.707106769
348,0.707106769,0.707106769
349,0.707106769,-0.707106769
350,0.707106769,0.707106769
351,0.707106769,-0.707106769
352,0.707106769,-0.707106769
353,-0.707106769,0.707106769
354,-0.707106769,0.707106769
355,-0.707106769,0.707106769
356,-0.707106769,0.707106769
357,0.707106769,-0.707106769
358,0.707106769,0.707106769
359,-0.707106769,0.707106769
360,0.707106769,-0.707106769
361,0.707106769,-0.707106769
362,-0.707106769,0.707106769
363,-0.707106769,-0.707106769
364,-0.707106769,0.707106769
365,0.707106769,-0.707106769
366,0.707106769,-0.707106769
367,0.707106769,0.707106769
368,0.707106769,-0.707106769
369,0.707106769,-0.707106769
370,0.707106769,0.707106769
371,0.707106769,0.707106769
372,-0.707106769,-0.707106769
373,-0.707106769,0.707106769
374,0.707106769,0.707106769
375,-0.707106769,0.707106769
376,0.707106769,-0.707106769
377,0.707106769,0.707106769
378,-0.707106769,0.707106769
379,0.707106769,0.707106769
380,0.707106769,0.707106769
381,0.707106769,0.707106769
382,-0.707106769,-0.707106769
383,0.707106769,0.707106769
384,0.707106769,-0.707106769
385,0.707106769,0.707106769
386,-0.707106769,-0.707106769
387,-0.707106769,-0.707106769
388,-0.707106769,0.707106769
389,0.707106769,0.707106769
390,0.707106769,0.707106769
391,0.707106769,0.707106769
392,-0.707106769,0.707106769
393,-0.707106769,-0.707106769
394,-0.707106769,0.707106769
395,0.707106769,0.707106769
396,0.707106769,0.707106769
397,-0.707106769,-0.707106769
398,-0.707106769,-0.707106769
399,-0.707106769,0.707106769
400,-0.707106769,-0.707106769
401,-0.707106769,-0.707106769
402,0.707106769,-0.707106769
403,-0.707106769,0.707106769
404,-0.707106769,0.707106769
405,0.707106769,-0.707106769
406,-0.707106769,-0.707106769
407,0.707106769,-0.707106769
408,-0.707106769,0.707106769
409,0.707106769,0.707106769
410,0.707106769,-0.707106769
411,-0.707106769,-0.707106769
412,0.707106769,-0.707106769
413,0.707106769,0.707106769
414,-0.707106769,0.707106769
415,0.707106769,0.707106769
416,-0.707106769,0.707106769
417,-0.707106769,-0.707106769
418,-0.707106769,-0.707106769
419,-0.707106769,-0.707106769
420,-0.707106769,-0.707106769
421,0.707106769,-0.707106769
422,0.707106769,-0.707106769
423,0.707106769,-0.707106769
424,-0.707106769,-0.707106769
425,-0.707106769,0.707106769
426,-0.707106769,0.707106769
427,0.707106769,-0.707106769
428,0.707106769,0.707106769
429,-0.707106769,0.707106769
430,0.707106769,0.707106769
431,-0.707106769,-0.707106769
432,0.707106769,-0.707106769
433,0.707106769,0.707106769
434,-0.707106769,-0.707106769
435,0.707106769,-0.707106769
436,0.707106769,0.707106769
437,0.707106769,-0.707106769
438,0.707106769,-0.707106769
439,0.707106769,0.707106769
440,0.707106769,0.707106769
441,-0.707106769,-0.707106769
442,-0.707106769,-0.707106769
443,0.707106769,-0.707106769
444,-0.707106769,-0.707106769
445,-0.707106769,0.707106769
446,0.707106769,0.707106769
447,0.707106769,0.707106769
448,0.707106769,0.707106769
449,-0.707106769,0.707106769
450,-0.707106769,0.707106769
451,-0.707106769,0.707106769
452,-0.707106769,-0.707106769
453,0.707106769,0.707106769
454,-0.707106769,-0.707106769
455,-0.707106769,0.707106769
456,0.707106769,-0.707106769
457,-0.707106769,0.707106769
458,-0.707106769,-0.707106769
459,-0.707106769,-0.707106769
460,-0.707106769,0.707106769
461,0.707106769,0.707106769
462,0.707106769,-0.707106769
463,0.707106769,-0.707106769
464,-0.707106769,0.707106769
465,-0.707106769,0.707106769
466,-0.707106769,0.707106769
467,-0.707106769,-0.707106769
468,-0.707106769,0.707106769
469,0.707106769,0.707106769
470,-0.707106769,0.707106769
471,0.707106769,-0.707106769
472,-0.707106769,0.707106769
473,-0.707106769,-0.707106769
474,-0.707106769,-0.707106769
475,0.707106769,0.707106769
476,-0.707106769,-0.707106769
477,-0.707106769,0.707106769
478,-0.707106769,0.707106769
479,0.707106769,0.707106769
480,0.707106769,-0.707106769
481,-0.707106769,0.707106769
482,0.707106769,-0.707106769
483,0.707106769,0.707106769
484,-0.707106769,-0.707106769
485,-0.707106769,-0.707106769
486,0.707106769,0.707106769
487,0.707106769,0.707106769
488,-0.707106769,-0.707106769
489,0.707106769,0.707106769
490,0.707106769,-0.707106769
491,0.707106769,0.707106769
492,0.707106769,0.707106769
493,-0.707106769,-0.707106769
494,0.707106769,0.707106769
495,0.707106769,0.707106769
496,-0.707106769,-0.707106769
497,0.707106769,0.707106769
498,0.707106769,-0.707106769
499,-0.707106769,0.707106769
500,0.707106769,-0.707106769
501,0.707106769,0.707106769
502,0.707106769,0.707106769
503,-0.707106769,0.707106769
504,0.707106769,0.707106769
505,0.707106769,0.707106769
506,0.707106769,-0.707106769
507,-0.707106769,0.707106769
508,0.707106769,-0.707106769
509,-0.707106769,0.707106769
510,0.707106769,-0.707106769
511,0.707106769,-0.707106769
512,0.707106769,0.707106769
513,-0.707106769,0.707106769
514,0.707106769,0.707106769
515,-0.707106769,-0.707106769
516,0.707106769,0.707106769
517,0.707106769,0.707106769
518,0.707106769,0.707106769
519,0.707106769,0.707106769
520,0.707106769,0.707106769
521,-0.707106769,-0.707106769
522,0.707106769,0.707106769
523,-0.707106769,-0.707106769
524,0.707106769,0.707106769
525,0.707106769,0.707106769
526,0.707106769,-0.707106769
527,0.707106769,0.707106769
528,0.707106769,0.707106769
529,-0.707106769,0.707106769
530,0.707106769,0.707106769
531,-0.707106769,0.707106769
532,-0.707106769,-0.707106769
533,0.707106769,-0.707106769
534,0.707106769,0.707106769
535,-0.707106769,0.707106769
536,0.707106769,-0.707106769
537,-0.707106769,-0.707106769
538,-0.707106769,-0.707106769
539,-0.707106769,-0.707106769
540,-0.707106769,-0.707106769
541,0.707106769,-0.707106769
542,0.707106769,0.707106769
543,-0.707106769,0.707106769
544,0.707106769,0.707106769
545,0.707106769,0.707106769
546,0.707106769,-0.707106769
547,-0.707106769,0.707106769
548,0.707106769,0.707106769
549,-0.707106769,0.707106769
550,0.707106769,-0.707106769
551,-0.707106769,0.707106769
552,0.707106769,0.707106769
553,0.707106769,0.707106769
554,-0.707106769,-0.707106769
555,0.707106769,0.707106769
556,-0.707106769,0.707106769
557,-0.707106769,0.707106769
558,-0.707106769,0.707106769
559,-0.707106769,-0.707106769
560,-0.707106769,-0.707106769
561,-0.707106769,0.707106769
562,-0.707106769,0.707106769
563,0.707106769,-0.707106769
564,0.707106769,-0.707106769
565,-0.707106769,0.707106769
566,0.707106769,0.707106769
567,-0.707106769,0.707106769
568,-0.707106769,0.707106769
569,-0.707106769,-0.707106769
570,0.707106769,0.707106769
571,-0.707106769,-0.707106769
572,-0.707106769,-0.707106769
573,-0.707106769,-0.707106769
574,-0.707106769,-0.707106769
575,-0.707106769,-0.707106769
576,0.707106769,-0.707106769
577,-0.707106769,0.707106769
578,0.707106769,-0.707106769
579,0.707106769,-0.707106769
580,-0.707106769,-0.707106769
581,-0.707106769,0.707106769
582,-0.707106769,0.707106769
583,0.707106769,0.707106769
584,0.707106769,0.707106769
585,0.707106769,-0.707106769
586,-0.707106769,0.707106769
587,-0.707106769,-0.707106769
588,-0.707106769,-0.707106769
589,0.707106769,0.707106769
590,0.707106769,-0.707106769
591,0.707106769,-0.707106769
592,0.707106769,0.707106769
593,-0.707106769,-0.707106769
594,0.707106769,0.707106769
595,-0.707106769,-0.707106769
596,0.707106769,-0.707106769
597,0.707106769,0.707106769
598,-0.707106769,-0.707106769
599,-0.707106769,-0.707106769
600,0.707106769,-0.707106769
601,-0.707106769,0.707106769
602,0.707106769,0.707106769
603,-0.707106769,0.707106769
604,0.707106769,0.707106769
605,0.707106769,0.707106769
606,-0.707106769,0.707106769
607,0.707106769,0.707106769
608,0.707106769,0.707106769
609,0.707106769,-0.707106769
610,-0.707106769,-0.707106769
611,0.707106769,0.707106769
612,-0.707106769,-0.707106769
613,0.707106769,-0.707106769
614,0.707106769,0.707106769
615,-0.707106769,0.707106769
616,-0.707106769,0.707106769
617,-0.707106769,0.707106769
618,0.707106769,0.707106769
619,-0.707106769,-0.707106769
620,-0.707106769,-0.707106769
621,0.707106769,-0.707106769
622,0.707106769,-0.707106769
623,-0.707106769,0.707106769
624,-0.707106769,-0.707106769
625,-0.707106769,-0.707106769
626,-0.707106769,-0.707106769
627,-0.707106769,-0.707106769
628,-0.707106769,-0.707106769
629,-0.707106769,-0.707106769
630,0.707106769,-0.707106769
631,0.707106769,-0.707106769
632,-0.707106769,0.707106769
633,0.707106769,-0.707106769
634,-0.707106769,-0.707106769
635,-0.707106769,-0.707106769
636,0.707106769,0.707106769
637,0.707106769,0.707106769
638,-0.707106769,0.707106769
639,-0.707106769,-0.707106769
640,-0.707106769,-0.707106769
641,0.707106769,-0.707106769
642,-0.707106769,0.707106769
643,-0.707106769,-0.707106769
644,-0.707106769,-0.707106769
645,-0.707106769,0.707106769
646,-0.707106769,0.707106769
647,-0.707106769,0.707106769
648,0.707106769,-0.707106769
649,0.707106769,-0.707106769
650,0.707106769,0.707106769
651,0.707106769,-0.707106769
652,-0.707106769,-0.707106769
653,0.707106769,-0.707106769
654,-0.707106769,-0.707106769
655,-0.707106769,-0.707106769
656,0.707106769,0.707106769
657,0.707106769,0.707106769
658,-0.707106769,-0.707106769
659,0.707106769,-0.707106769
660,-0.707106769,0.707106769
661,-0.707106769,0.707106769
662,0.707106769,0.707106769
663,-0.707106769,-0.707106769
664,-0.707106769,-0.707106769
665,0.707106769,-0.707106769
666,-0.707106769,-0.707106769
667,0.707106769,-0.707106769
668,0.707106769,0.707106769
669,0.707106769,0.707106769
670,-0.707106769,0.707106769
671,-0.707106769,-0.707106769
672,0.707106769,-0.707106769
673,0.707106769,-0.707106769
674,0.707106769,-0.707106769
675,0.707106769,-0.707106769
676,0.707106769,-0.707106769
677,-0.707106769,-0.707106769
678,0.707106769,-0.707106769
679,0.707106769,0.707106769
680,-0.707106769,-0.707106769
681,0.707106769,0.707106769
682,-0.707106769,0.707106769
683,0.707106769,-0.707106769
684,0.707106769,0.707106769
685,-0.707106769,0.707106769
686,-0.707106769,0.707106769
687,0.707106769,0.707106769
688,0.707106769,-0.707106769
689,0.707106769,-0.707106769
690,0.707106769,0.707106769
691,0.707106769,-0.707106769
692,-0.707106769,-0.707106769
693,0.707106769,0.707106769
694,-0.707106769,0.707106769
695,-0.707106769,0.707106769
696,-0.707106769,0.707106769
697,0.707106769,0.707106769
698,-0.707106769,0.707106769
699,-0.707106769,-0.707106769
700,0.707106769,-0.707106769
701,-0.707106769,0.707106769
702,-0.707106769,0.707106769
703,-0.707106769,0.707106769
704,0.707106769,-0.707106769
705,0.707106769,0.707106769
706,-0.707106769,0.707106769
707,-0.707106769,-0.707106769
708,-0.707106769,-0.707106769
709,0.707106769,0.707106769
710,-0.707106769,-0.707106769
711,-0.707106769,0.707106769
712,0.707106769,-0.707106769
713,0.707106769,-0.707106769
714,0.707106769,0.707106769
715,-0.707106769,-0.707106769
716,0.707106769,-0.707106769
717,-0.707106769,0.707106769
718,-0.707106769,0.707106769
719,-0.707106769,-0.707106769
720,-0.707106769,-0.707106769
721,0.707106769,-0.707106769
722,0.707106769,0.707106769
723,0.707106769,0.707106769
724,-0.707106769,0.707106769
725,-0.707106769,-0.707106769
726,-0.707106769,0.707106769
727,0.707106769,0.707106769
728,-0.707106769,-0.707106769
729,-0.707106769,0.707106769
730,0.707106769,-0.707106769
731,0.707106769,-0.707106769
732,-0.707106769,-0.707106769
733,-0.707106769,-0.707106769
734,-0.707106769,-0.707106769
735,0.707106769,0.707106769
736,0.707106769,-0.707106769
737,-0.707106769,0.707106769
738,-0.707106769,-0.707106769
739,0.707106769,0.707106769
740,0.707106769,-0.707106769
741,0.707106769,0.707106769
742,0.707106769,-0.707106769
743,0.707106769,0.707106769
744,-0.707106769,0.707106769
745,-0.707106769,0.707106769
746,0.707106769,-0.707106769
747,-0.707106769,0.707106769
748,-0.707106769,-0.707106769
749,0.707106769,0.707106769
750,-0.707106769,0.707106769
751,-0.707106769,-0.707106769
752,0.707106769,0.707106769
753,-0.707106769,-0.707106769
754,-0.707106769,0.707106769
755,0.707106769,-0.707106769
756,0.707106769,0.707106769
757,-0.707106769,-0.707106769
758,0.707106769,0.707106769
759,0.707106769,0.707106769
760,-0.707106769,-0.707106769
761,-0.707106769,0.707106769
762,0.707106769,0.707106769
763,-0.707106769,0.707106769
764,-0.707106769,0.707106769
765,0.707106769,0.707106769
766,0.707106769,-0.707106769
767,-0.707106769,0.707106769
768,0.707106769,0.707106769
769,0.707106769,0.707106769
770,-0.707106769,0.707106769
771,-0.707106769,0.707106769
772,0.707106769,-0.707106769
773,0.707106769,0.707106769
774,-0.707106769,-0.707106769
775,0.707106769,-0.707106769
776,-0.707106769,0.707106769
777,0.707106769,0.707106769
778,-0.707106769,-0.707106769
779,0.707106769,0.707106769
780,0.707106769,-0.707106769
781,-0.707106769,0.707106769
782,-0.707106769,0.707106769
783,-0.707106769,-0.707106769
784,0.707106769,-0.707106769
785,0.707106769,0.707106769
786,-0.707106769,0.707106769
787,0.707106769,0.707106769
788,-0.707106769,0.707106769
789,0.707106769,-0.707106769
790,0.707106769,0.707106769
791,0.707106769,-0.707106769
792,-0.707106769,-0.707106769
793,0.707106769,0.707106769
794,0.707106769,0.707106769
795,0.707106769,-0.707106769
796,0.707106769,-0.707106769
797,0.707106769,0.707106769
798,-0.707106769,-0.707106769
799,-0.707106769,0.707106769
800,0.707106769,0.707106769
801,0.707106769,0.707106769
802,0.707106769,-0.707106769
803,0.707106769,0.707106769
804,0.707106769,0.707106769
805,-0.707106769,-0.707106769
806,0.707106769,-0.707106769
807,0.707106769,0.707106769
808,0.707106769,-0.707106769
809,0.707106769,-0.707106769
810,0.707106769,-0.707106769
811,0.707106769,-0.707106769
812,-0.707106769,-0.707106769
813,-0.707106769,0.707106769
814,-0.707106769,0.707106769
815,-0.707106769,0.707106769
816,0.707106769,-0.707106769
817,0.707106769,-0.707106769
818,-0.707106769,0.707106769
819,0.707106769,0.707106769
820,0.707106769,0.707106769
821,0.707106769,-0.707106769
822,0.707106769,-0.707106769
823,0.707106769,0.707106769
824,0.707106769,-0.707106769
825,0.707106769,0.707106769
826,-0.707106769,0.707106769
827,-0.707106769,0.707106769
828,0.707106769,0.707106769
829,-0.707106769,0.707106769
830,-0.707106769,0.707106769
831,0.707106769,-0.707106769
832,0.707106769,0.707106769
833,0.707106769,0.707106769
834,0.707106769,0.707106769
835,0.707106769,0.707106769
836,0.707106769,0.707106769
837,0.707106769,-0.707106769
838,-0.707106769,-0.707106769
839,-0.707106769,0.707106769
840,0.707106769,-0.707106769
841,0.707106769,0.707106769
842,0.707106769,-0.707106769
843,0.707106769,-0.707106769
844,-0.707106769,0.707106769
845,0.707106769,-0.707106769
846,0.707106769,0.707106769
847,-0.707106769,-0.707106769
848,0.707106769,0.707106769
849,-0.707106769,0.707106769
850,-0.707106769,0.707106769
851,0.707106769,0.707106769
852,-0.707106769,-0.707106769
853,0.707106769,0.707106769
854,0.707106769,-0.707106769
855,-0.707106769,0.707106769
856,-0.707106769,0.707106769
857,0.707106769,-0.707106769
858,0.707106769,0.707106769
859,-0.707106769,0.707106769
860,-0.707106769,-0.707106769
861,0.707106769,0.707106769
862,-0.707106769,0.707106769
863,0.707106769,-0.707106769
864,0.707106769,-0.707106769
865,-0.707106769,-0.707106769
866,0.707106769,-0.707106769
867,-0.707106769,0.707106769
868,-0.707106769,-0.707106769
869,0.707106769,-0.707106769
870,-0.707106769,-0.707106769
871,-0.707106769,-0.707106769
872,0.707106769,0.707106769
873,0.707106769,-0.707106769
874,-0.707106769,0.707106769
875,0.707106769,0.707106769
876,0.707106769,0.707106769
877,0.707106769,0.707106769
878,-0.707106769,0.707106769
879,-0.707106769,0.707106769
880,-0.707106769,-0.707106769
881,0.707106769,0.707106769
882,-0.707106769,0.707106769
883,0.707106769,-0.707106769
884,0.707106769,-0.707106769
885,-0.707106769,0.707106769
886,-0.707106769,-0.707106769
887,-0.707106769,0.707106769
888,-0.707106769,-0.707106769
889,-0.707106769,0.707106769
890,0.707106769,0.707106769
891,-0.707106769,-0.707106769
892,0.707106769,-0.707106769
893,-0.707106769,-0.707106769
894,-0.707106769,-0.707106769
895,-0.707106769,0.707106769
896,-0.707106769,-0.707106769
897,-0.707106769,-0.707106769
898,0.707106769,-0.707106769
899,-0.707106769,0.707106769
900,-0.707106769,0.707106769
901,-0.707106769,0.707106769
902,0.707106769,-0.707106769
903,0.707106769,0.707106769
904,-0.707106769,-0.707106769
905,-0.707106769,0.707106769
906,0.707106769,-0.707106769
907,0.707106769,0.707106769
908,0.707106769,0.707106769
909,0.707106769,0.707106769
910,0.707106769,0.707106769
911,0.707106769,0.707106769
912,0.707106769,-0.707106769
913,-0.707106769,0.707106769
914,-0.707106769,0.707106769
915,-0.707106769,-0.707106769
916,0.707106769,0.707106769
917,-0.707106769,-0.707106769
918,-0.707106769,-0.707106769
919,0.707106769,-0.707106769
920,0.707106769,0.707106769
921,-0.707106769,0.707106769
922,-0.707106769,-0.707106769
923,0.707106769,-0.707106769
924,0.707106769,-0.707106769
925,0.707106769,0.707106769
926,-0.707106769,0.707106769
927,0.707106769,0.707106769
928,0.707106769,-0.707106769
929,0.707106769,0.707106769
930,-0.707106769,0.707106769
931,-0.707106769,0.707106769
932,0.707106769,-0.707106769
933,0.707106769,-0.707106769
934,-0.707106769,0.707106769
935,0.707106769,-0.707106769
936,-0.707106769,-0.707106769
937,-0.707106769,0.707106769
938,0.707106769,-0.707106769
939,0.707106769,0.707106769
940,-0.707106769,-0.707106769
941,0.707106769,-0.707106769
942,0.707106769,-0.707106769
943,-0.707106769,0.707106769
944,0.707106769,-0.707106769
945,-0.707106769,0.707106769
946,0.707106769,0.707106769
947,-0.707106769,0.707106769
948,-0.707106769,0.707106769
949,0.707106769,-0.707106769
950,0.707106769,-0.707106769
951,-0.707106769,-0.707106769
952,-0.707106769,0.707106769
953,-0.707106769,-0.707106769
954,-0.707106769,-0.707106769
955,-0.707106769,0.707106769
956,-0.707106769,-0.707106769
957,-0.707106769,0.707106769
958,0.707106769,0.707106769
959,0.707106769,-0.707106769
960,-0.707106769,0.707106769
961,0.707106769,0.707106769
962,-0.707106769,-0.707106769
963,0.707106769,-0.707106769
964,0.707106769,0.707106769
965,0.707106769,-0.707106769
966,0.707106769,-0.707106769
967,0.707106769,-0.707106769
968,0.707106769,0.707106769
969,-0.707106769,0.707106769
970,0.707106769,0.707106769
971,0.707106769,0.707106769
972,-0.707106769,0.707106769
973,-0.707106769,0.707106769
974,-0.707106769,-0.707106769
975,0.707106769,-0.707106769
976,0.707106769,0.707106769
977,-0.707106769,0.707106769
978,-0.707106769,0.707106769
979,0.707106769,0.707106769
980,-0.707106769,0.707106769
981,0.707106769,-0.707106769
982,0.707106769,0.707106769
983,0.707106769,-0.707106769
984,0.707106769,0.707106769
985,0.707106769,0.707106769
986,0.707106769,0.707106769
987,0.707106769,-0.707106769
988,-0.707106769,-0.707106769
989,0.707106769,0.707106769
990,0.707106769,-0.707106769
991,-0.707106769,0.707106769
992,-0.707106769,0.707106769
993,0.707106769,0.707106769
994,0.707106769,-0.707106769
995,0.707106769,-0.707106769
996,-0.707106769,-0.707106769
997,-0.707106769,-0.707106769
998,0.707106769,-0.707106769
999,0.707106769,0.707106769
1000,0.707106769,0.707106769
1001,-0.707106769,-0.707106769
1002,-0.707106769,-0.707106769
1003,-0.707106769,0.707106769
1004,-0.707106769,0.707106769
1005,0.707106769,-0.707106769
1006,-0.707106769,-0.707106769
1007,-0.707106769,0.707106769
1008,-0.707106769,0.707106769
1009,0.707106769,-0.707106769
1010,-0.707106769,-0.707106769
1011,-0.707106769,-0.707106769
1012,-0.707106769,0.707106769
1013,-0.707106769,-0.707106769
1014,-0.707106769,0.707106769
1015,-0.707106769,-0.707106769
1016,0.707106769,-0.707106769
1017,0.707106769,-0.707106769
1018,-0.707106769,-0.707106769
1019,0.707106769,0.707106769
1020,-0.707106769,0.707106769
1021,0.707106769,-0.707106769
1022,-0.707106769,0.707106769
1023,-0.707106769,0.707106769
1024,0.707106769,0.707106769
1025,0.707106769,-0.707106769
1026,0.707106769,-0.707106769
1027,-0.707106769,0.707106769
1028,0.707106769,0.707106769
1029,-0.707106769,-0.707106769
1030,-0.707106769,-0.707106769
1031,0.707106769,0.707106769
1032,-0.707106769,0.707106769
1033,0.707106769,-0.707106769
1034,-0.707106769,-0.707106769
1035,0.707106769,0.707106769
1036,-0.707106769,0.707106769
1037,0.707106769,0.707106769
1038,-0.707106769,0.707106769
1039,0.707106769,0.707106769
1040,-0.707106769,0.707106769
1041,0.707106769,0.707106769
1042,-0.707106769,0.707106769
1043,0.707106769,-0.707106769
1044,0.707106769,0.707106769
1045,0.707106769,0.707106769
1046,-0.707106769,0.707106769
1047,-0.707106769,-0.707106769
1048,0.707106769,-0.707106769
1049,0.707106769,0.707106769
1050,0.707106769,-0.707106769
1051,0.707106769,0.707106769
1052,-0.707106769,0.707106769
1053,0.707106769,0.707106769
1054,-0.707106769,-0.707106769
1055,-0.707106769,0.707106769
1056,-0.707106769,-0.707106769
1057,-0.707106769,-0.707106769
1058,-0.707106769,-0.707106769
1059,-0.707106769,-0.707106769
1060,0.707106769,-0.707106769
1061,-0.707106769,-0.707106769
1062,0.707106769,0.707106769
1063,0.707106769,-0.707106769
1064,-0.707106769,-0.707106769
1065,-0.707106769,-0.707106769
1066,-0.707106769,0.707106769
1067,-0.707106769,-0.707106769
1068,0.707106769,0.707106769
1069,0.707106769,-0.707106769
1070,0.707106769,0.707106769
1071,-0.707106769,0.707106769
1072,0.707106769,-0.707106769
1073,-0.707106769,-0.707106769
1074,-0.707106769,-0.707106769
1075,-0.707106769,0.707106769
1076,-0.707106769,0.707106769
1077,0.707106769,0.707106769
1078,0.707106769,-0.707106769
1079,-0.707106769,-0.707106769
1080,-0.707106769,-0.707106769
1081,0.707106769,-0.707106769
1082,-0.707106769,-0.707106769
1083,-0.707106769,-0.707106769
1084,0.707106769,-0.707106769
1085,-0.707106769,-0.707106769
1086,-0.707106769,-0.707106769
1087,0.707106769,0.707106769
1088,0.707106769,-0.707106769
1089,-0.707106769,-0.707106769
1090,0.707106769,-0.707106769
1091,0.707106769,-0.707106769
1092,0.707106769,0.707106769
1093,-0.707106769,-0.707106769
1094,0.707106769,-0.707106769
1095,-0.707106769,0.707106769
1096,-0.707106769,-0.707106769
1097,-0.707106769,-0.707106769
1098,0.707106769,-0.707106769
1099,0.707106769,-0.707106769
1100,0.707106769,0.707106769
1101,0.707106769,-0.707106769
1102,-0.707106769,0.707106769
1103,-0.707106769,0.707106769
1104,0.707106769,0.707106769
1105,-0.707106769,-0.707106769
1106,-0.707106769,0.707106769
1107,0.707106769,-0.707106769
1108,-0.707106769,0.707106769
1109,0.707106769,-0.707106769
1110,0.707106769,0.707106769
1111,-0.707106769,0.707106769
1112,0.707106769,-0.707106769
1113,0.707106769,0.707106769
1114,0.707106769,0.707106769
1115,-0.707106769,0.707106769
1116,-0.707106769,0.707106769
1117,-0.707106769,0.707106769
1118,0.707106769,0.707106769
1119,-0.707106769,-0.707106769
1120,-0.707106769,0.707106769
1121,-0.707106769,0.707106769
1122,-0.707106769,0.707106769
1123,0.707106769,0.707106769
1124,0.707106769,0.707106769
1125,0.707106769,0.707106769
1126,-0.707106769,-0.707106769
1127,-0.707106769,0.707106769
1128,0.707106769,0.707106769
1129,-0.707106769,-0.707106769
1130,-0.707106769,0.707106769
1131,0.707106769,0.707106769
1132,0.707106769,-0.707106769
1133,0.707106769,-0.707106769
1134,-0.707106769,-0.707106769
1135,-0.707106769,-0.707106769
1136,-0.707106769,-0.707106769
1137,0.707106769,0.707106769
1138,-0.707106769,-0.707106769
1139,-0.707106769,-0.707106769
1140,0.707106769,0.707106769
1141,0.707106769,-0.707106769
1142,-0.707106769,-0.707106769
1143,-0.707106769,0.707106769
1144,-0.707106769,0.707106769
1145,-0.707106769,0.707106769
1146,-0.707106769,-0.707106769
1147,-0.707106769,0.707106769
1148,0.707106769,-0.707106769
1149,0.707106769,0.707106769
1150,-0.707106769,0.707106769
1151,-0.707106769,-0.707106769
1152,-0.707106769,0.707106769
1153,-0.707106769,0.707106769
1154,-0.707106769,0.707106769
1155,0.707106769,-0.707106769
1156,-0.707106769,-0.707106769
1157,-0.707106769,0.707106769
1158,0.707106769,-0.707106769
1159,-0.707106769,0.707106769
1160,-0.707106769,0.707106769
1161,-0.707106769,-0.707106769
1162,-0.707106769,-0.707106769
1163,0.707106769,0.707106769
1164,-0.707106769,0.707106769
1165,-0.707106769,0.707106769
1166,0.707106769,0.707106769
1167,-0.707106769,-0.707106769
1168,-0.707106769,0.707106769
1169,0.707106769,-0.707106769
1170,-0.707106769,0.707106769
1171,-0.707106769,0.707106769
1172,0.707106769,-0.707106769
1173,0.707106769,-0.707106769
1174,0.707106769,0.707106769
1175,0.707106769,0.707106769
1176,0.707106769,0.707106769
1177,-0.707106769,-0.707106769
1178,-0.707106769,-0.707106769
1179,0.707106769,0.707106769
1180,0.707106769,0.707106769
1181,-0.707106769,-0.707106769
1182,0.707106769,0.707106769
1183,-0.707106769,-0.707106769
1184,-0.707106769,0.707106769
1185,0.707106769,-0.707106769
1186,0.707106769,0.707106769
1187,0.707106769,0.707106769
1188,-0.707106769,0.707106769
1189,0.707106769,0.707106769
1190,-0.707106769,-0.707106769
1191,-0.707106769,-0.707106769
1192,-0.707106769,-0.707106769
1193,0.707106769,0.707106769
1194,-0.707106769,-0.707106769
1195,0.707106769,0.707106769
1196,0.707106769,0.707106769
1197,0.707106769,0.707106769
1198,-0.707106769,-0.707106769
1199,-0.707106769,-0.707106769
1200,0.707106769,0.707106769
1201,0.707106769,0.707106769
1202,-0.707106769,0.707106769
1203,-0.707106769,0.707106769
1204,-0.707106769,0.707106769
1205,0.707106769,0.707106769
1206,0.707106769,-0.707106769
1207,0.707106769,-0.707106769
1208,0.707106769,0.707106769
1209,-0.707106769,-0.707106769
1210,0.707106769,-0.707106769
1211,0.707106769,-0.707106769
1212,-0.707106769,-0.707106769
1213,0.707106769,-0.707106769
1214,0.707106769,0.707106769
1215,-0.707106769,-0.707106769
1216,-0.707106769,0.707106769
1217,0.707106769,0.707106769
1218,-0.707106769,0.707106769
1219,0.707106769,-0.707106769
1220,0.707106769,0.707106769
1221,0.707106769,0.707106769
1222,-0.707106769,0.707106769
1223,-0.707106769,0.707106769
1224,0.707106769,-0.707106769
1225,-0.707106769,0.707106769
1226,-0.707106769,0.707106769
1227,-0.707106769,0.707106769
1228,-0.707106769,0.707106769
1229,0.707106769,-0.707106769
1230,-0.707106769,0.707106769
1231,0.707106769,-0.707106769
1232,0.707106769,0.707106769
1233,0.707106769,-0.707106769
1234,-0.707106769,-0.707106769
1235,-0.707106769,-0.707106769
1236,-0.707106769,0.707106769
1237,-0.707106769,-0.707106769
1238,-0.707106769,0.707106769
1239,0.707106769,0.707106769
1240,-0.707106769,-0.707106769
1241,0.707106769,0.707106769
1242,-0.707106769,0.707106769
1243,0.707106769,0.707106769
1244,0.707106769,-0.707106769
1245,-0.707106769,-0.707106769
1246,-0.707106769,0.707106769
1247,0.707106769,0.707106769
1248,0.707106769,0.707106769
1249,-0.707106769,0.707106769
1250,0.707106769,0.707106769
1251,0.707106769,-0.707106769
1252,0.707106769,0.707106769
1253,0.707106769,-0.707106769
1254,0.707106769,0.707106769
1255,0.707106769,-0.707106769
1256,-0.707106769,-0.707106769
1257,0.707106769,-0.707106769
1258,0.707106769,0.707106769
1259,-0.707106769,-0.707106769
1260,-0.707106769,0.707106769
1261,-0.707106769,-0.707106769
1262,0.707106769,-0.707106769
1263,0.707106769,-0.707106769
1264,0.707106769,0.707106769
1265,0.707106769,-0.707106769
1266,0.707106769,0.707106769
1267,0.707106769,-0.707106769
1268,0.707106769,0.707106769
1269,0.707106769,0.707106769
1270,0.707106769,-0.707106769
1271,-0.707106769,0.707106769
1272,-0.707106769,-0.707106769
1273,0.707106769,0.707106769
1274,-0.707106769,-0.707106769
1275,-0.707106769,-0.707106769
1276,0.707106769,-0.707106769
1277,0.707106769,0.707106769
1278,0.707106769,0.707106769
1279,0.707106769,-0.707106769
1280,-0.707106769,-0.707106769
1281,0.707106769,0.707106769
1282,-0.707106769,-0.707106769
1283,-0.707106769,0.707106769
1284,0.707106769,0.707106769
1285,-0.707106769,-0.707106769
1286,-0.707106769,-0.707106769
1287,-0.707106769,-0.707106769
1288,0.707106769,-0.707106769
1289,0.707106769,0.707106769
1290,-0.707106769,0.707106769
1291,-0.707106769,-0.707106769
1292,0.707106769,-0.707106769
1293,0.707106769,-0.707106769
1294,-0.707106769,-0.707106769
1295,-0.707106769,0.707106769
1296,-0.707106769,-0.707106769
1297,0.707106769,0.707106769
1298,0.707106769,-0.707106769
1299,0.707106769,-0.707106769
1300,0.707106769,0.707106769
1301,-0.707106769,-0.707106769
1302,-0.707106769,0.707106769
1303,-0.707106769,-0.707106769
1304,0.707106769,0.707106769
1305,0.707106769,0.707106769
1306,0.707106769,-0.707106769
1307,0.707106769,-0.707106769
1308,0.707106769,-0.707106769
1309,-0.707106769,0.707106769
1310,-0.707106769,-0.707106769
1311,-0.707106769,-0.707106769
1312,0.707106769,-0.707106769
1313,-0.707106769,0.707106769
1314,-0.707106769,0.707106769
1315,-0.707106769,0.707106769
1316,0.707106769,-0.707106769
1317,0.707106769,-0.707106769
1318,0.707106769,-0.707106769
1319,0.707106769,0.707106769
1320,0.707106769,0.707106769
1321,0.707106769,-0.707106769
1322,0.707106769,0.707106769
1323,0.707106769,-0.707106769
1324,-0.707106769,0.707106769
1325,0.707106769,-0.707106769
1326,-0.707106769,0.707106769
1327,-0.707106769,0.707106769
1328,0.707106769,-0.707106769
1329,-0.707106769,0.707106769
1330,0.707106769,-0.707106769
1331,0.707106769,-0.707106769
1332,-0.707106769,-0.707106769
1333,-0.707106769,-0.707106769
1334,0.707106769,-0.707106769
1335,-0.707106769,0.707106769
1336,0.707106769,0.707106769
1337,0.707106769,0.707106769
1338,-0.707106769,-0.707106769
1339,0.707106769,-0.707106769
1340,0.707106769,-0.707106769
1341,-0.707106769,-0.707106769
1342,-0.707106769,0.707106769
1343,0.707106769,0.707106769
1344,-0.707106769,-0.707106769
1345,-0.707106769,0.707106769
1346,-0.707106769,-0.707106769
1347,0.707106769,0.707106769
1348,-0.707106769,0.707106769
1349,-0.707106769,0.707106769
1350,0.707106769,-0.707106769
1351,-0.707106769,-0.707106769
1352,0.707106769,0.707106769
1353,-0.707106769,-0.707106769
1354,0.707106769,0.707106769
1355,0.707106769,-0.707106769
1356,-0.707106769,0.707106769
1357,-0.707106769,0.707106769
1358,-0.707106769,0.707106769
1359,0.707106769,0.707106769
1360,0.707106769,0.707106769
1361,0.707106769,0.707106769
1362,0.707106769,-0.707106769
1363,0.707106769,0.707106769
1364,-0.707106769,0.707106769
1365,-0.707106769,-0.707106769
1366,-0.707106769,-0.707106769
1367,0.707106769,0.707106769
1368,-0.707106769,-0.707106769
1369,-0.707106769,-0.707106769
1370,-0.707106769,0.707106769
1371,-0.707106769,0.707106769
1372,0.707106769,0.707106769
1373,0.707106769,-0.707106769
1374,-0.707106769,-0.707106769
1375,0.707106769,-0.707106769
1376,-0.707106769,0.707106769
1377,0.707106769,0.707106769
1378,-0.707106769,-0.707106769
1379,-0.707106769,0.707106769
1380,-0.707106769,0.707106769
1381,0.707106769,-0.707106769
1382,0.707106769,-0.707106769
1383,-0.707106769,-0.707106769
1384,-0.707106769,-0.707106769
1385,0.707106769,-0.707106769
1386,-0.707106769,-0.707106769
1387,-0.707106769,0.707106769
1388,-0.707106769,-0.707106769
1389,-0.707106769,0.707106769
1390,0.707106769,0.707106769
1391,-0.707106769,0.707106769
1392,-0.707106769,0.707106769
1393,0.707106769,0.707106769
1394,-0.707106769,-0.707106769
1395,-0.707106769,0.707106769
1396,-0.707106769,-0.707106769
1397,0.707106769,-0.707106769
1398,0.707106769,0.707106769
1399,0.707106769,-0.707106769
1400,-0.707106769,-0.707106769
1401,-0.707106769,0.707106769
1402,0.707106769,-0.707106769
1403,-0.707106769,0.707106769
1404,-0.707106769,0.707106769
1405,-0.707106769,-0.707106769
1406,-0.707106769,0.707106769
1407,0.707106769,-0.707106769
1408,-0.707106769,-0.707106769
1409,0.707106769,0.707106769
1410,-0.707106769,-0.707106769
1411,-0.707106769,-0.707106769
1412,-0.707106769,-0.707106769
1413,0.707106769,0.707106769
1414,-0.707106769,-0.707106769
1415,0.707106769,-0.707106769
1416,-0.707106769,0.707106769
1417,-0.707106769,0.707106769
1418,0.707106769,0.707106769
1419,0.707106769,-0.707106769
1420,0.707106769,0.707106769
1421,-0.707106769,0.707106769
1422,-0.707106769,0.707106769
1423,-0.707106769,-0.707106769
1424,-0.707106769,0.707106769
1425,0.707106769,-0.707106769
1426,-0.707106769,-0.707106769
1427,0.707106769,0.707106769
1428,0.707106769,-0.707106769
1429,-0.707106769,-0.707106769
1430,-0.707106769,0.707106769
1431,0.707106769,0.707106769
1432,-0.707106769,-0.707106769
1433,-0.707106769,0.707106769
1434,-0.707106769,0.707106769
1435,0.707106769,-0.707106769
1436,0.707106769,-0.707106769
1437,0.707106769,0.707106769
1438,0.707106769,-0.707106769
1439,-0.707106769,0.707106769
1440,0.707106769,-0.707106769
1441,0.707106769,-0.707106769
1442,-0.707106769,-0.707106769
1443,-0.707106769,-0.707106769
1444,0.707106769,0.707106769
1445,-0.707106769,0.707106769
1446,0.707106769,0.707106769
1447,-0.707106769,0.707106769
1448,-0.707106769,0.707106769
1449,-0.707106769,0.707106769
1450,-0.707106769,0.707106769
1451,-0.707106769,-0.707106769
1452,0.707106769,-0.707106769
1453,0.707106769,-0.707106769
1454,0.707106769,0.707106769
1455,0.707106769,0.707106769
1456,-0.707106769,-0.707106769
1457,-0.707106769,-0.707106769
1458,-0.707106769,0.707106769
1459,-0.707106769,0.707106769
1460,0.707106769,-0.707106769
1461,0.707106769,-0.707106769
1462,0.707106769,-0.707106769
1463,-0.707106769,0.707106769
1464,0.707106769,-0.707106769
1465,-0.707106769,-0.707106769
1466,-0.707106769,0.707106769
1467,-0.707106769,-0.707106769
1468,0.707106769,-0.707106769
1469,-0.707106769,-0.707106769
1470,0.707106769,-0.707106769
1471,-0.707106769,-0.707106769
1472,0.707106769,-0.707106769
1473,-0.707106769,0.707106769
1474,0.707106769,0.707106769
1475,-0.707106769,0.707106769
1476,-0.707106769,-0.707106769
1477,0.707106769,0.707106769
1478,0.707106769,0.707106769
1479,0.707106769,0.707106769
1480,0.707106769,-0.707106769
1481,0.707106769,-0.707106769
1482,-0.707106769,0.707106769
1483,0.707106769,0.707106769
1484,0.707106769,0.707106769
1485,-0.707106769,-0.707106769
1486,-0.707106769,0.707106769
1487,-0.707106769,0.707106769
1488,-0.707106769,0.707106769
1489,0.707106769,0.707106769
1490,-0.707106769,-0.707106769
1491,-0.707106769,0.707106769
1492,-0.707106769,0.707106769
1493,0.707106769,-0.707106769
1494,-0.707106769,-0.707106769
1495,-0.707106769,0.707106769
1496,0.707106769,0.707106769
1497,0.707106769,-0.707106769
1498,0.707106769,-0.707106769
1499,0.707106769,0.707106769
1500,0.707106769,0.707106769
1501,-0.707106769,0.707106769
1502,0.707106769,0.707106769
1503,-0.707106769,0.707106769
1504,0.707106769,0.707106769
1505,0.707106769,-0.707106769
1506,0.707106769,-0.707106769
1507,0.707106769,-0.707106769
1508,0.707106769,-0.707106769
1509,0.707106769,0.707106769
1510,-0.707106769,0.707106769
1511,0.707106769,-0.707106769
1512,-0.707106769,-0.707106769
1513,-0.707106769,-0.707106769
1514,0.707106769,-0.707106769
1515,0.707106769,-0.707106769
1516,0.707106769,0.707106769
1517,0.707106769,-0.707106769
1518,0.707106769,0.707106769
1519,-0.707106769,-0.707106769
1520,-0.707106769,0.707106769
1521,-0.707106769,-0.707106769
1522,0.707106769,-0.707106769
1523,-0.707106769,-0.707106769
1524,0.707106769,0.707106769
1525,-0.707106769,-0.707106769
1526,-0.707106769,-0.707106769
1527,0.707106769,0.707106769
1528,0.707106769,-0.707106769
1529,0.707106769,0.707106769
1530,0.707106769,0.707106769
1531,-0.707106769,0.707106769
1532,0.707106769,0.707106769
1533,0.707106769,0.707106769
1534,-0.707106769,0.707106769
1535,0.707106769,-0.707106769
1536,0.707106769,-0.707106769
1537,-0.707106769,-0.707106769
1538,-0.707106769,0.707106769
1539,0.707106769,0.707106769
1540,-0.707106769,0.707106769
1541,-0.707106769,0.707106769
1542,0.707106769,0.707106769
1543,0.707106769,0.707106769
1544,-0.707106769,0.707106769
1545,-0.707106769,0.707106769
1546,-0.707106769,0.707106769
1547,-0.707106769,-0.707106769
1548,0.707106769,0.707106769
1549,-0.707106769,-0.707106769
1550,0.707106769,0.707106769
1551,0.707106769,-0.707106769
1552,0.707106769,0.707106769
1553,0.707106769,0.707106769
1554,-0.707106769,0.707106769
1555,0.707106769,-0.707106769
1556,0.707106769,-0.707106769
1557,-0.707106769,0.707106769
1558,-0.707106769,-0.707106769
1559,0.707106769,0.707106769
1560,0.707106769,-0.707106769
1561,0.707106769,0.707106769
1562,-0.707106769,-0.707106769
1563,-0.707106769,0.707106769
1564,-0.707106769,-0.707106769
1565,-0.707106769,-0.707106769
1566,-0.707106769,-0.707106769
1567,0.707106769,-0.707106769
1568,-0.707106769,0.707106769
1569,0.707106769,0.707106769
1570,-0.707106769,0.707106769
1571,0.707106769,-0.707106769
1572,-0.707106769,-0.707106769
1573,-0.707106769,0.707106769
1574,0.707106769,-0.707106769
1575,0.707106769,-0.707106769
1576,-0.707106769,0.707106769
1577,0.707106769,0.707106769
1578,0.707106769,-0.707106769
1579,-0.707106769,0.707106769
1580,-0.707106769,0.707106769
1581,-0.707106769,0.707106769
1582,-0.707106769,0.707106769
1583,-0.707106769,-0.707106769
1584,-0.707106769,0.707106769
1585,-0.707106769,-0.707106769
1586,-0.707106769,0.707106769
1587,0.707106769,0.707106769
1588,-0.707106769,-0.707106769
1589,0.707106769,0.707106769
1590,-0.707106769,0.707106769
1591,0.707106769,0.707106769
1592,-0.707106769,-0.707106769
1593,0.707106769,0.707106769
1594,-0.707106769,0.707106769
1595,-0.707106769,0.707106769
1596,-0.707106769,-0.707106769
1597,-0.707106769,-0.707106769
1598,0.707106769,-0.707106769
1599,0.707106769,0.707106769
1600,0.707106769,-0.707106769
1601,-0.707106769,0.707106769
1602,0.707106769,0.707106769
1603,-0.707106769,0.707106769
1604,-0.707106769,-0.707106769
1605,-0.707106769,-0.707106769
1606,-0.707106769,-0.707106769
1607,-0.707106769,0.707106769
1608,-0.707106769,-0.707106769
1609,-0.707106769,0.707106769
1610,-0.707106769,0.707106769
1611,0.707106769,-0.707106769
1612,-0.707106769,0.707106769
1613,-0.707106769,0.707106769
1614,-0.707106769,-0.707106769
1615,-0.707106769,-0.707106769
1616,0.707106769,0.707106769
1617,0.707106769,-0.707106769
1618,-0.707106769,0.707106769
1619,0.707106769,0.707106769
1620,-0.707106769,0.707106769
1621,0.707106769,-0.707106769
1622,0.707106769,-0.707106769
1623,-0.707106769,0.707106769
1624,-0.707106769,-0.707106769
1625,0.707106769,-0.707106769
1626,-0.707106769,0.707106769
1627,-0.707106769,-0.707106769
1628,0.707106769,-0.707106769
1629,-0.707106769,0.707106769
1630,0.707106769,0.707106769
1631,-0.707106769,-0.707106769
1632,-0.707106769,-0.707106769
1633,-0.707106769,0.707106769
1634,0.707106769,0.707106769
1635,-0.707106769,-0.707106769
1636,-0.707106769,-0.707106769
1637,0.707106769,-0.707106769
1638,-0.707106769,-0.707106769
1639,-0.707106769,0.707106769
1640,-0.707106769,-0.707106769
1641,-0.707106769,-0.707106769
1642,-0.707106769,0.707106769
1643,-0.707106769,0.707106769
1644,0.707106769,-0.707106769
1645,0.707106769,-0.707106769
1646,0.707106769,-0.707106769
1647,0.707106769,-0.707106769
1648,0.707106769,0.707106769
1649,0.707106769,-0.707106769
1650,0.707106769,-0.707106769
1651,0.707106769,-0.707106769
1652,0.707106769,-0.707106769
1653,0.707106769,0.707106769
1654,-0.707106769,-0.707106769
1655,0.707106769,0.707106769
1656,-0.707106769,0.707106769
1657,0.707106769,-0.707106769
1658,0.707106769,-0.707106769
1659,0.707106769,-0.707106769
1660,0.707106769,0.707106769
1661,0.707106769,0.707106769
1662,0.707106769,0.707106769
1663,0.707106769,-0.707106769
1664,-0.707106769,0.707106769
1665,-0.707106769,-0.707106769
1666,-0.707106769,-0.707106769
1667,0.707106769,0.707106769
1668,-0.707106769,0.707106769
1669,-0.707106769,0.707106769
1670,0.707106769,0.707106769
1671,-0.707106769,-0.707106769
1672,-0.707106769,-0.707106769
1673,0.707106769,0.707106769
1674,0.707106769,0.707106769
1675,0.707106769,0.707106769
1676,-0.707106769,0.707106769
1677,0.707106769,0.707106769
1678,-0.707106769,0.707106769
1679,0.707106769,-0.707106769
1680,0.707106769,-0.707106769
1681,-0.707106769,-0.707106769
1682,-0.707106769,0.707106769
1683,0.707106769,0.707106769
1684,-0.707106769,-0.707106769
1685,-0.707106769,-0.707106769
1686,0.707106769,0.707106769
1687,0.707106769,0.707106769
1688,-0.707106769,0.707106769
1689,0.707106769,-0.707106769
1690,-0.707106769,-0.707106769
1691,0.707106769,0.707106769
1692,-0.707106769,0.707106769
1693,0.707106769,-0.707106769
1694,-0.707106769,0.707106769
1695,-0.707106769,-0.707106769
1696,-0.707106769,0.707106769
1697,-0.707106769,0.707106769
1698,-0.707106769,0.707106769
1699,-0.707106769,0.707106769
1700,0.707106769,0.707106769
1701,-0.707106769,0.707106769
1702,-0.707106769,0.707106769
1703,-0.707106769,-0.707106769
1704,-0.707106769,-0.707106769
1705,-0.707106769,-0.707106769
1706,-0.707106769,-0.707106769
1707,0.707106769,0.707106769
1708,0.707106769,0.707106769
1709,0.707106769,-0.707106769
1710,-0.707106769,0.707106769
1711,0.707106769,0.707106769
1712,0.707106769,-0.707106769
1713,0.707106769,0.707106769
1714,0.707106769,0.707106769
1715,-0.707106769,0.707106769
1716,-0.707106769,-0.707106769
1717,-0.707106769,0.707106769
1718,0.707106769,-0.707106769
1719,0.707106769,-0.707106769
1720,-0.707106769,-0.707106769
1721,-0.707106769,0.707106769
1722,-0.707106769,-0.707106769
1723,0.707106769,0.707106769
1724,-0.707106769,0.707106769
1725,0.707106769,-0.707106769
1726,-0.707106769,-0.707106769
1727,-0.707106769,-0.707106769
1728,-0.707106769,-0.707106769
1729,-0.707106769,-0.707106769
1730,0.707106769,-0.707106769
1731,-0.707106769,0.707106769
1732,-0.707106769,0.707106769
1733,0.707106769,-0.707106769
1734,-0.707106769,-0.707106769
1735,0.707106769,0.707106769
1736,0.707106769,0.707106769
1737,-0.707106769,-0.707106769
1738,0.707106769,0.707106769
1739,-0.707106769,-0.707106769
1740,0.707106769,-0.707106769
1741,0.707106769,-0.707106769
1742,-0.707106769,-0.707106769
1743,0.707106769,-0.707106769
1744,-0.707106769,-0.707106769
1745,0.707106769,0.707106769
1746,-0.707106769,0.707106769
1747,-0.707106769,-0.707106769
1748,-0.707106769,0.707106769
1749,0.707106769,0.707106769
1750,-0.707106769,-0.707106769
1751,-0.707106769,-0.707106769
1752,0.707106769,-0.707106769
1753,0.707106769,-0.707106769
1754,-0.707106769,0.707106769
1755,-0.707106769,-0.707106769
1756,0.707106769,-0.707106769
1757,-0.707106769,0.707106769
1758,-0.707106769,-0.707106769
1759,0.707106769,-0.707106769
1760,-0.707106769,-0.707106769
1761,-0.707106769,0.707106769
1762,-0.707106769,-0.707106769
1763,0.707106769,0.707106769
1764,0.707106769,-0.707106769
1765,-0.707106769,-0.707106769
1766,-0.707106769,0.707106769
1767,-0.707106769,-0.707106769
1768,0.707106769,0.707106769
1769,0.707106769,0.707106769
1770,0.707106769,-0.707106769
1771,0.707106769,0.707106769
1772,-0.707106769,0.707106769
1773,0.707106769,0.707106769
1774,-0.707106769,-0.707106769
1775,0.707106769,-0.707106769
1776,0.707106769,-0.707106769
1777,-0.707106769,0.707106769
1778,-0.707106769,-0.707106769
1779,-0.707106769,0.707106769
1780,-0.707106769,-0.707106769
1781,-0.707106769,0.707106769
1782,0.707106769,-0.707106769
1783,-0.707106769,-0.707106769
1784,-0.707106769,-0.707106769
1785,0.707106769,-0.707106769
1786,0.707106769,-0.707106769
1787,0.707106769,0.707106769
1788,0.707106769,0.707106769
1789,-0.707106769,0.707106769
1790,0.707106769,0.707106769
1791,-0.707106769,0.707106769
1792,0.707106769,0.707106769
1793,-0.707106769,-0.707106769
1794,-0.707106769,0.707106769
1795,-0.707106769,-0.707106769
1796,0.707106769,-0.707106769
1797,0.707106769,0.707106769
1798,-0.707106769,-0.707106769
1799,-0.707106769,0.707106769
1800,-0.707106769,-0.707106769
1801,-0.707106769,0.707106769
1802,-0.707106769,0.707106769
1803,0.707106769,-0.707106769
1804,0.707106769,0.707106769
1805,-0.707106769,0.707106769
1806,0.707106769,-0.707106769
1807,-0.707106769,-0.707106769
1808,0.707106769,0.707106769
1809,-0.707106769,-0.707106769
1810,0.707106769,0.707106769
1811,0.707106769,-0.707106769
1812,0.707106769,0.707106769
1813,0.707106769,-0.707106769
1814,0.707106769,0.707106769
1815,0.707106769,0.707106769
1816,-0.707106769,-0.707106769
1817,0.707106769,-0.707106769
1818,-0.707106769,0.707106769
1819,-0.707106769,0.707106769
1820,-0.707106769,-0.707106769
1821,-0.707106769,-0.707106769
1822,0.707106769,0.707106769
1823,0.707106769,-0.707106769
1824,0.707106769,-0.707106769
1825,0.707106769,-0.707106769
1826,0.707106769,-0.707106769
1827,-0.707106769,-0.707106769
1828,-0.707106769,0.707106769
1829,-0.707106769,0.707106769
1830,0.707106769,-0.707106769
1831,-0.707106769,0.707106769
1832,-0.707106769,-0.707106769
1833,-0.707106769,-0.707106769
1834,-0.707106769,-0.707106769
1835,0.707106769,-0.707106769
1836,-0.707106769,-0.707106769
1837,0.707106769,0.707106769
1838,-0.707106769,-0.707106769
1839,-0.707106769,0.707106769
1840,-0.707106769,-0.707106769
1841,0.707106769,-0.707106769
1842,-0.707106769,-0.707106769
1843,0.707106769,-0.707106769
1844,0.707106769,-0.707106769
1845,0.707106769,0.707106769
1846,0.707106769,0.707106769
1847,0.707106769,0.707106769
1848,0.707106769,-0.707106769
1849,-0.707106769,0.707106769
1850,-0.707106769,0.707106769
1851,-0.707106769,-0.707106769
1852,-0.707106769,0.707106769
1853,0.707106769,-0.707106769
1854,-0.707106769,0.707106769
1855,0.707106769,-0.707106769
1856,-0.707106769,0.707106769
1857,0.707106769,-0.707106769
1858,0.707106769,-0.707106769
1859,0.707106769,0.707106769
1860,-0.707106769,-0.707106769
1861,-0.707106769,-0.707106769
1862,-0.707106769,0.707106769
1863,-0.707106769,-0.707106769
1864,-0.707106769,0.707106769
1865,0.707106769,0.707106769
1866,-0.707106769,0.707106769
1867,-0.707106769,-0.707106769
1868,0.707106769,-0.707106769
1869,0.707106769,-0.707106769
1870,0.707106769,-0.707106769
1871,-0.707106769,-0.707106769
1872,0.707106769,0.707106769
1873,-0.707106769,0.707106769
1874,0.707106769,0.707106769
1875,0.707106769,0.707106769
1876,-0.707106769,-0.707106769
1877,-0.707106769,-0.707106769
1878,-0.707106769,0.707106769
1879,0.707106769,-0.707106769
1880,-0.707106769,-0.707106769
1881,-0.707106769,-0.707106769
1882,-0.707106769,0.707106769
1883,-0.707106769,-0.707106769
1884,-0.707106769,-0.707106769
1885,-0.707106769,-0.707106769
1886,-0.707106769,-0.707106769
1887,0.707106769,0.707106769
1888,0.707106769,-0.707106769
1889,0.707106769,-0.707106769
1890,-0.707106769,0.707106769
1891,-0.707106769,0.707106769
1892,-0.707106769,0.707106769
1893,0.707106769,-0.707106769
1894,0.707106769,0.707106769
1895,0.707106769,-0.707106769
1896,0.707106769,-0.707106769
1897,0.707106769,-0.707106769
1898,-0.707106769,-0.707106769
1899,-0.707106769,-0.707106769
1900,-0.707106769,-0.707106769
1901,-0.707106769,-0.707106769
1902,-0.707106769,0.707106769
1903,0.707106769,0.707106769
1904,0.707106769,-0.707106769
1905,0.707106769,0.707106769
1906,0.707106769,0.707106769
1907,-0.707106769,-0.707106769
1908,0.707106769,0.707106769
1909,-0.707106769,0.707106769
1910,-0.707106769,0.707106769
1911,-0.707106769,-0.707106769
1912,-0.707106769,0.707106769
1913,-0.707106769,0.707106769
1914,0.707106769,0.707106769
1915,-0.707106769,-0.707106769
1916,-0.707106769,0.707106769
1917,-0.707106769,0.707106769
1918,-0.707106769,0.707106769
1919,0.707106769,0.707106769
1920,-0.707106769,-0.707106769
1921,0.707106769,0.707106769
1922,-0.707106769,-0.707106769
1923,0.707106769,0.707106769
1924,0.707106769,0.707106769
1925,0.707106769,0.707106769
1926,0.707106769,0.707106769
1927,-0.707106769,-0.707106769
1928,-0.707106769,0.707106769
1929,0.707106769,-0.707106769
1930,-0.707106769,0.707106769
1931,-0.707106769,-0.707106769
1932,0.707106769,0.707106769
1933,-0.707106769,0.707106769
1934,-0.707106769,0.707106769
1935,-0.707106769,-0.707106769
1936,-0.707106769,-0.707106769
1937,-0.707106769,0.707106769
1938,0.707106769,0.707106769
1939,-0.707106769,-0.707106769
1940,-0.707106769,0.707106769
1941,0.707106769,0.707106769
1942,0.707106769,-0.707106769
1943,-0.707106769,0.707106769
1944,-0.707106769,0.707106769
1945,-0.707106769,0.707106769
1946,-0.707106769,0.707106769
1947,0.707106769,0.707106769
1948,-0.707106769,-0.707106769
1949,-0.707106769,0.707106769
1950,0.707106769,-0.707106769
1951,-0.707106769,0.707106769
1952,0.707106769,0.707106769
1953,-0.707106769,0.707106769
1954,0.707106769,-0.707106769
1955,0.707106769,0.707106769
1956,0.707106769,-0.707106769
1957,-0.707106769,-0.707106769
1958,0.707106769,-0.707106769
1959,0.707106769,0.707106769
1960,0.707106769,0.707106769
1961,0.707106769,-0.707106769
1962,0.707106769,0.707106769
1963,-0.707106769,-0.707106769
1964,-0.707106769,-0.707106769
1965,-0.707106769,-0.707106769
1966,-0.707106769,0.707106769
1967,-0.707106769,0.707106769
1968,0.707106769,0.707106769
1969,0.707106769,0.707106769
1970,-0.707106769,0.707106769
1971,-0.707106769,-0.707106769
1972,-0.707106769,-0.707106769
1973,0.707106769,0.707106769
1974,0.707106769,0.707106769
1975,0.707106769,-0.707106769
1976,-0.707106769,-0.707106769
1977,0.707106769,-0.707106769
1978,0.707106769,0.707106769
1979,-0.707106769,-0.707106769
1980,-0.707106769,0.707106769
1981,0.707106769,-0.707106769
1982,0.707106769,-0.707106769
1983,0.707106769,-0.707106769
1984,-0.707106769,0.707106769
1985,0.707106769,-0.707106769
1986,0.707106769,0.707106769
1987,0.707106769,0.707106769
1988,-0.707106769,-0.707106769
1989,0.707106769,-0.707106769
1990,-0.707106769,0.707106769
1991,0.707106769,0.707106769
1992,-0.707106769,0.707106769
1993,-0.707106769,0.707106769
1994,0.707106769,-0.707106769
1995,0.707106769,0.707106769
1996,0.707106769,0.707106769
1997,-0.707106769,0.707106769
1998,-0.707106769,-0.707106769
1999,-0.707106769,-0.707106769
2000,-0.707106769,-0.707106769
2001,-0.707106769,-0.707106769
2002,-0.707106769,0.707106769
2003,0.707106769,0.707106769
2004,0.707106769,0.707106769
2005,-0.707106769,0.707106769
2006,-0.707106769,-0.707106769
2007,-0.707106769,-0.707106769
2008,-0.707106769,-0.707106769
2009,0.707106769,0.707106769
2010,0.707106769,-0.707106769
2011,0.707106769,0.707106769
2012,0.707106769,0.707106769
2013,0.707106769,-0.707106769
2014,-0.707106769,-0.707106769
2015,0.707106769,0.707106769
2016,-0.707106769,0.707106769
2017,0.707106769,0.707106769
2018,-0.707106769,-0.707106769
2019,0.707106769,0.707106769
2020,-0.707106769,0.707106769
2021,0.707106769,0.707106769
2022,0.707106769,-0.707106769
2023,-0.707106769,-0.707106769
2024,-0.707106769,-0.707106769
2025,0.707106769,-0.707106769
2026,-0.707106769,-0.707106769
2027,-0.707106769,0.707106769
2028,-0.707106769,-0.707106769
2029,0.707106769,0.707106769
2030,0.707106769,0.707106769
2031,-0.707106769,-0.707106769
2032,0.707106769,-0.707106769
2033,-0.707106769,-0.707106769
2034,-0.707106769,0.707106769
2035,-0.707106769,0.707106769
2036,-0.707106769,-0.707106769
2037,0.707106769,0.707106769
2038,0.707106769,0.707106769
2039,0.707106769,0.707106769
2040,0.707106769,-0.707106769
2041,0.707106769,-0.707106769
2042,-0.707106769,-0.707106769
2043,-0.707106769,0.707106769
2044,-0.707106769,-0.707106769
2045,0.707106769,0.707106769
2046,0.707106769,-0.707106769
2047,-0.707106769,0.707106769
2048,0.707106769,0.707106769
2049,0.707106769,-0.707106769
2050,0.707106769,0.707106769
2051,0.707106769,0.707106769
2052,-0.707106769,0.707106769
2053,-0.707106769,0.707106769
2054,-0.707106769,0.707106769
2055,-0.707106769,0.707106769
2056,0.707106769,-0.707106769
2057,0.707106769,0.707106769
2058,0.707106769,0.707106769
2059,0.707106769,-0.707106769
2060,0.707106769,0.707106769
2061,0.707106769,0.707106769
2062,0.707106769,-0.707106769
2063,0.707106769,0.707106769
2064,0.707106769,-0.707106769
2065,0.707106769,0.707106769
2066,0.707106769,0.707106769
2067,0.707106769,0.707106769
2068,0.707106769,0.707106769
2069,0.707106769,-0.707106769
2070,-0.707106769,-0.707106769
2071,-0.707106769,0.707106769
2072,0.707106769,-0.707106769
2073,0.707106769,0.707106769
2074,0.707106769,-0.707106769
2075,0.707106769,-0.707106769
2076,-0.707106769,0.707106769
2077,-0.707106769,0.707106769
2078,0.707106769,0.707106769
2079,0.707106769,-0.707106769
2080,-0.707106769,-0.707106769
2081,0.707106769,0.707106769
2082,-0.707106769,-0.707106769
2083,-0.707106769,-0.707106769
2084,0.707106769,0.707106769
2085,0.707106769,0.707106769
2086,0.707106769,-0.707106769
2087,0.707106769,0.707106769
2088,0.707106769,-0.707106769
2089,-0.707106769,-0.707106769
2090,0.707106769,0.707106769
2091,0.707106769,-0.707106769
2092,-0.707106769,-0.707106769
2093,0.707106769,0.707106769
2094,0.707106769,-0.707106769
2095,0.707106769,0.707106769
2096,0.707106769,0.707106769
2097,-0.707106769,-0.707106769
2098,0.707106769,-0.707106769
2099,0.707106769,-0.707106769
2100,-0.707106769,0.707106769
2101,-0.707106769,-0.707106769
2102,0.707106769,0.707106769
2103,-0.707106769,0.707106769
2104,0.707106769,-0.707106769
2105,0.707106769,-0.707106769
2106,-0.707106769,-0.707106769
2107,-0.707106769,0.707106769
2108,-0.707106769,0.707106769
2109,0.707106769,0.707106769
2110,0.707106769,0.707106769
2111,0.707106769,-0.707106769
2112,0.707106769,0.707106769
2113,0.707106769,0.707106769
2114,-0.707106769,-0.707106769
2115,0.707106769,0.707106769
2116,0.707106769,-0.707106769
2117,0.707106769,0.707106769
2118,-0.707106769,0.707106769
2119,0.707106769,0.707106769
2120,-0.707106769,0.707106769
2121,-0.707106769,-0.707106769
2122,0.707106769,0.707106769
2123,-0.707106769,0.707106769
2124,-0.707106769,0.707106769
2125,0.707106769,-0.707106769
2126,0.707106769,-0.707106769
2127,0.707106769,-0.707106769
2128,0.707106769,-0.707106769
2129,-0.707106769,0.707106769
2130,0.707106769,0.707106769
2131,0.707106769,-0.707106769
2132,0.707106769,-0.707106769
2133,0.707106769,0.707106769
2134,0.707106769,0.707106769
2135,0.707106769,0.707106769
2136,0.707106769,0.707106769
2137,-0.707106769,0.707106769
2138,-0.707106769,0.707106769
2139,0.707106769,0.707106769
2140,0.707106769,0.707106769
2141,-0.707106769,-0.707106769
2142,0.707106769,0.707106769
2143,-0.707106769,0.707106769
2144,0.707106769,0.707106769
2145,-0.707106769,0.707106769
2146,-0.707106769,-0.707106769
2147,0.707106769,0.707106769
2148,-0.707106769,0.707106769
2149,-0.707106769,0.707106769
2150,-0.707106769,-0.707106769
2151,0.707106769,0.707106769
2152,-0.707106769,0.707106769
2153,-0.707106769,0.707106769
2154,-0.707106769,-0.707106769
2155,0.707106769,0.707106769
2156,-0.707106769,-0.707106769
2157,-0.707106769,0.707106769
2158,-0.707106769,-0.707106769
2159,-0.707106769,0.707106769
2160,-0.707106769,-0.707106769
2161,-0.707106769,0.707106769
2162,-0.707106769,-0.707106769
2163,0.707106769,-0.707106769
2164,-0.707106769,0.707106769
2165,-0.707106769,0.707106769
2166,0.707106769,0.707106769
2167,0.707106769,0.707106769
2168,-0.707106769,0.707106769
2169,-0.707106769,0.707106769
2170,-0.707106769,0.707106769
2171,-0.707106769,0.707106769
2172,0.707106769,0.707106769
2173,0.707106769,0.707106769
2174,0.707106769,0.707106769
2175,-0.707106769,-0.707106769
2176,-0.707106769,-0.707106769
2177,-0.707106769,0.707106769
2178,0.707106769,-0.707106769
2179,-0.707106769,-0.707106769
2180,0.707106769,-0.707106769
2181,0.707106769,-0.707106769
2182,0.707106769,0.707106769
2183,-0.707106769,0.707106769
2184,-0.707106769,-0.707106769
2185,-0.707106769,-0.707106769
2186,0.707106769,-0.707106769
2187,-0.707106769,0.707106769
2188,-0.707106769,-0.707106769
2189,0.707106769,-0.707106769
2190,-0.707106769,-0.707106769
2191,0.707106769,-0.707106769
2192,-0.707106769,-0.707106769
2193,0.707106769,0.707106769
2194,0.707106769,-0.707106769
2195,-0.707106769,-0.707106769
2196,-0.707106769,0.707106769
2197,-0.707106769,0.707106769
2198,-0.707106769,-0.707106769
2199,-0.707106769,0.707106769
2200,-0.707106769,0.707106769
2201,-0.707106769,-0.707106769
2202,-0.707106769,0.707106769
2203,0.707106769,-0.707106769
2204,-0.707106769,0.707106769
2205,-0.707106769,-0.707106769
2206,0.707106769,-0.707106769
2207,0.707106769,0.707106769
2208,0.707106769,0.707106769
2209,0.707106769,-0.707106769
2210,-0.707106769,-0.707106769
2211,0.707106769,0.707106769
2212,-0.707106769,0.707106769
2213,0.707106769,0.707106769
2214,-0.707106769,0.707106769
2215,-0.707106769,-0.707106769
2216,-0.707106769,0.707106769
2217,0.707106769,-0.707106769
2218,0.707106769,-0.707106769
2219,0.707106769,0.707106769
2220,0.707106769,0.707106769
2221,-0.707106769,-0.707106769
2222,0.707106769,-0.707106769
2223,-0.707106769,-0.707106769
2224,-0.707106769,0.707106769
2225,-0.707106769,-0.707106769
2226,-0.707106769,0.707106769
2227,-0.707106769,0.707106769
2228,-0.707106769,0.707106769
2229,-0.707106769,-0.707106769
2230,-0.707106769,-0.707106769
2231,0.707106769,0.707106769
2232,-0.707106769,-0.707106769
2233,-0.707106769,-0.707106769
2234,-0.707106769,0.707106769
2235,-0.707106769,0.707106769
2236,0.707106769,0.707106769
2237,-0.707106769,-0.707106769
2238,-0.707106769,-0.707106769
2239,0.707106769,-0.707106769
2240,0.707106769,0.707106769
2241,-0.707106769,-0.707106769
2242,-0.707106769,-0.707106769
2243,-0.707106769,0.707106769
2244,0.707106769,-0.707106769
2245,0.707106769,-0.707106769
2246,0.707106769,-0.707106769
2247,0.707106769,0.707106769
2248,-0.707106769,-0.707106769
2249,0.707106769,0.707106769
2250,0.707106769,-0.707106769
2251,-0.707106769,0.707106769
2252,0.707106769,0.707106769
2253,0.707106769,0.707106769
2254,-0.707106769,-0.707106769
2255,-0.707106769,-0.707106769
2256,0.707106769,-0.707106769
2257,0.707106769,-0.707106769
2258,0.707106769,-0.707106769
2259,0.707106769,-0.707106769
2260,0.707106769,-0.707106769
2261,0.707106769,0.707106769
2262,0.707106769,0.707106769
2263,0.707106769,0.707106769
2264,0.707106769,-0.707106769
2265,-0.707106769,-0.707106769
2266,-0.707106769,-0.707106769
2267,-0.707106769,-0.707106769
2268,-0.707106769,-0.707106769
2269,0.707106769,0.707106769
2270,-0.707106769,-0.707106769
2271,-0.707106769,-0.707106769
2272,-0.707106769,-0.707106769
2273,-0.707106769,-0.707106769
2274,-0.707106769,-0.707106769
2275,0.707106769,0.707106769
2276,-0.707106769,0.707106769
2277,-0.707106769,-0.707106769
2278,-0.707106769,-0.707106769
2279,0.707106769,0.707106769
2280,-0.707106769,-0.707106769
2281,-0.707106769,0.707106769
2282,-0.707106769,0.707106769
2283,0.707106769,-0.707106769
2284,0.707106769,0.707106769
2285,-0.707106769,-0.707106769
2286,-0.707106769,-0.707106769
2287,-0.707106769,0.707106769
2288,0.707106769,0.707106769
2289,0.707106769,0.707106769
2290,-0.707106769,0.707106769
2291,-0.707106769,-0.707106769
2292,-0.707106769,-0.707106769
2293,-0.707106769,-0.707106769
2294,0.707106769,-0.707106769
2295,0.707106769,-0.707106769
2296,-0.707106769,-0.707106769
2297,0.707106769,0.707106769
2298,0.707106769,-0.707106769
2299,0.707106769,0.707106769
2300,-0.707106769,-0.707106769
2301,-0.707106769,-0.707106769
2302,-0.707106769,0.707106769
2303,0.707106769,-0.707106769
2304,-0.707106769,-0.707106769
2305,0.707106769,-0.707106769
2306,-0.707106769,-0.707106769
2307,0.707106769,0.707106769
2308,-0.707106769,0.707106769
2309,-0.707106769,0.707106769
2310,0.707106769,0.707106769
2311,0.707106769,-0.707106769
2312,0.707106769,-0.707106769
2313,0.707106769,-0.707106769
2314,-0.707106769,0.707106769
2315,-0.707106769,0.707106769
2316,-0.707106769,0.707106769
2317,-0.707106769,-0.707106769
2318,-0.707106769,0.707106769
2319,0.707106769,-0.707106769
2320,-0.707106769,-0.707106769
2321,0.707106769,0.707106769
2322,0.707106769,0.707106769
2323,0.707106769,-0.707106769
2324,-0.707106769,-0.707106769
2325,0.707106769,-0.707106769
2326,-0.707106769,0.707106769
2327,-0.707106769,0.707106769
2328,0.707106769,-0.707106769
2329,0.707106769,0.707106769
2330,0.707106769,-0.707106769
2331,-0.707106769,0.707106769
2332,-0.707106769,-0.707106769
2333,0.707106769,0.707106769
2334,0.707106769,0.707106769
2335,-0.707106769,-0.707106769
2336,0.707106769,-0.707106769
2337,-0.707106769,-0.707106769
2338,-0.707106769,-0.707106769
2339,-0.707106769,0.707106769
2340,0.707106769,0.707106769
2341,-0.707106769,0.707106769
2342,0.707106769,0.707106769
2343,-0.707106769,0.707106769
2344,-0.707106769,-0.707106769
2345,0.707106769,-0.707106769
2346,0.707106769,-0.707106769
2347,-0.707106769,0.707106769
2348,0.707106769,-0.707106769
2349,-0.707106769,-0.707106769
2350,0.707106769,-0.707106769
2351,-0.707106769,0.707106769
2352,0.707106769,0.707106769
2353,-0.707106769,-0.707106769
2354,0.707106769,0.707106769
2355,0.707106769,-0.707106769
2356,0.707106769,0.707106769
2357,0.707106769,-0.707106769
2358,-0.707106769,-0.707106769
2359,-0.707106769,-0.707106769
2360,-0.707106769,-0.707106769
2361,-0.707106769,-0.707106769
2362,0.707106769,-0.707106769
2363,0.707106769,0.707106769
2364,0.707106769,0.707106769
2365,0.707106769,-0.707106769
2366,0.707106769,-0.707106769
2367,0.707106769,-0.707106769
2368,-0.707106769,0.707106769
2369,-0.707106769,-0.707106769
2370,0.707106769,0.707106769
2371,0.707106769,-0.707106769
2372,-0.707106769,-0.707106769
2373,-0.707106769,-0.707106769
2374,0.707106769,0.707106769
2375,-0.707106769,0.707106769
2376,-0.707106769,0.707106769
2377,-0.707106769,0.707106769
2378,0.707106769,0.707106769
2379,0.707106769,-0.707106769
2380,-0.707106769,0.707106769
2381,-0.707106769,0.707106769
2382,0.707106769,0.707106769
2383,0.707106769,0.707106769
2384,-0.707106769,0.707106769
2385,-0.707106769,0.707106769
2386,0.707106769,-0.707106769
2387,0.707106769,0.707106769
2388,0.707106769,-0.707106769
2389,-0.707106769,-0.707106769
2390,-0.707106769,-0.707106769
2391,0.707106769,-0.707106769
2392,-0.707106769,0.707106769
2393,-0.707106769,0.707106769
2394,-0.707106769,0.707106769
2395,-0.707106769,0.707106769
2396,0.707106769,-0.707106769
2397,-0.707106769,0.707106769
2398,-0.707106769,0.707106769
2399,-0.707106769,-0.707106769
2400,-0.707106769,-0.707106769
2401,-0.707106769,-0.707106769
2402,0.707106769,-0.707106769
2403,-0.707106769,-0.707106769
2404,0.707106769,-0.707106769
2405,-0.707106769,0.707106769
2406,0.707106769,0.707106769
2407,-0.707106769,0.707106769
2408,0.707106769,-0.707106769
2409,0.707106769,0.707106769
2410,-0.707106769,-0.707106769
2411,-0.707106769,0.707106769
2412,-0.707106769,0.707106769
2413,-0.707106769,0.707106769
2414,0.707106769,0.707106769
2415,-0.707106769,0.707106769
2416,0.707106769,-0.707106769
2417,-0.707106769,0.707106769
2418,-0.707106769,0.707106769
2419,-0.707106769,-0.707106769
2420,0.707106769,0.707106769
2421,-0.707106769,0.707106769
2422,-0.707106769,0.707106769
2423,0.707106769,-0.707106769
2424,0.707106769,0.707106769
2425,0.707106769,-0.707106769
2426,0.707106769,-0.707106769
2427,-0.707106769,-0.707106769
2428,0.707106769,-0.707106769
2429,0.707106769,-0.707106769
2430,-0.707106769,0.707106769
2431,0.707106769,0.707106769
2432,-0.707106769,-0.707106769
2433,-0.707106769,0.707106769
2434,-0.707106769,0.707106769
2435,-0.707106769,0.707106769
2436,-0.707106769,0.707106769
2437,-0.707106769,0.707106769
2438,-0.707106769,-0.707106769
2439,-0.707106769,0.707106769
2440,0.707106769,-0.707106769
2441,-0.707106769,-0.707106769
2442,0.707106769,-0.707106769
2443,0.707106769,0.707106769
2444,-0.707106769,-0.707106769
2445,-0.707106769,0.707106769
2446,-0.707106769,-0.707106769
2447,0.707106769,-0.707106769
2448,0.707106769,0.707106769
2449,-0.707106769,0.707106769
2450,-0.707106769,0.707106769
2451,0.707106769,-0.707106769
2452,-0.707106769,-0.707106769
2453,-0.707106769,0.707106769
2454,0.707106769,-0.707106769
2455,-0.707106769,0.707106769
2456,-0.707106769,0.707106769
2457,-0.707106769,-0.707106769
2458,0.707106769,-0.707106769
2459,0.707106769,0.707106769
2460,0.707106769,-0.707106769
2461,-0.707106769,0.707106769
2462,-0.707106769,-0.707106769
2463,-0.707106769,-0.707106769
2464,0.707106769,-0.707106769
2465,0.707106769,0.707106769
2466,0.707106769,-0.707106769
2467,0.707106769,0.707106769
2468,0.707106769,-0.707106769
2469,0.707106769,-0.707106769
2470,0.707106769,-0.707106769
2471,-0.707106769,-0.707106769
2472,-0.707106769,0.707106769
2473,0.707106769,0.707106769
2474,-0.707106769,0.707106769
2475,0.707106769,-0.707106769
2476,-0.707106769,0.707106769
2477,-0.707106769,0.707106769
2478,-0.707106769,0.707106769
2479,0.707106769,0.707106769
2480,0.707106769,-0.707106769
2481,-0.707106769,-0.707106769
2482,0.707106769,0.707106769
2483,-0.707106769,-0.707106769
2484,-0.707106769,-0.707106769
2485,0.707106769,-0.707106769
2486,-0.707106769,0.707106769
2487,0.707106769,-0.707106769
2488,-0.707106769,-0.707106769
2489,0.707106769,-0.707106769
2490,-0.707106769,0.707106769
2491,-0.707106769,-0.707106769
2492,-0.707106769,-0.707106769
2493,0.707106769,-0.707106769
2494,-0.707106769,0.707106769
2495,0.707106769,-0.707106769
2496,-0.707106769,0.707106769
2497,-0.707106769,0.707106769
2498,-0.707106769,0.707106769
2499,-0.707106769,0.707106769
2500,-0.707106769,0.707106769
2501,-0.707106769,0.707106769
2502,-0.707106769,-0.707106769
2503,0.707106769,-0.707106769
2504,0.707106769,0.707106769
2505,-0.707106769,-0.707106769
2506,-0.707106769,-0.707106769
2507,-0.707106769,0.707106769
2508,-0.707106769,0.707106769
2509,-0.707106769,0.707106769
2510,0.707106769,0.707106769
2511,-0.707106769,-0.707106769
2512,-0.707106769,-0.707106769
2513,-0.707106769,0.707106769
2514,-0.707106769,-0.707106769
2515,-0.707106769,0.707106769
2516,-0.707106769,0.707106769
2517,-0.707106769,0.707106769
2518,-0.707106769,-0.707106769
2519,0.707106769,-0.707106769
2520,0.707106769,-0.707106769
2521,0.707106769,0.707106769
2522,-0.707106769,-0.707106769
2523,-0.707106769,-0.707106769
2524,-0.707106769,0.707106769
2525,-0.707106769,-0.707106769
2526,0.707106769,0.707106769
2527,0.707106769,0.707106769
2528,-0.707106769,-0.707106769
2529,0.707106769,0.707106769
2530,-0.707106769,-0.707106769
2531,0.707106769,0.707106769
2532,0.707106769,-0.707106769
2533,-0.707106769,-0.707106769
2534,0.707106769,-0.707106769
2535,-0.707106769,0.707106769
2536,0.707106769,-0.707106769
2537,0.707106769,0.707106769
2538,-0.707106769,-0.707106769
2539,0.707106769,0.707106769
2540,-0.707106769,0.707106769
2541,-0.707106769,0.707106769
2542,-0.707106769,-0.707106769
2543,0.707106769,0.707106769
2544,-0.707106769,0.707106769
2545,-0.707106769,0.707106769
2546,0.707106769,0.707106769
2547,0.707106769,0.707106769
2548,0.707106769,-0.707106769
2549,-0.707106769,0.707106769
2550,0.707106769,-0.707106769
2551,-0.707106769,-0.707106769
2552,-0.707106769,-0.707106769
2553,0.707106769,-0.707106769
2554,0.707106769,-0.707106769
2555,0.707106769,-0.707106769
2556,0.707106769,-0.707106769
2557,0.707106769,0.707106769
2558,0.707106769,0.707106769
2559,-0.707106769,-0.707106769
2560,-0.707106769,0.707106769
2561,-0.707106769,0.707106769
2562,-0.707106769,-0.707106769
2563,-0.707106769,0.707106769
2564,-0.707106769,0.707106769
2565,0.707106769,-0.707106769
2566,-0.707106769,0.707106769
2567,0.707106769,-0.707106769
2568,-0.707106769,0.707106769
2569,-0.707106769,0.707106769
2570,-0.707106769,-0.707106769
2571,-0.707106769,0.707106769
2572,0.707106769,0.707106769
2573,-0.707106769,0.707106769
2574,0.707106769,0.707106769
2575,0.707106769,0.707106769
2576,0.707106769,-0.707106769
2577,-0.707106769,-0.707106769
2578,0.707106769,0.707106769
2579,0.707106769,0.707106769
2580,-0.707106769,-0.707106769
2581,-0.707106769,-0.707106769
2582,-0.707106769,0.707106769
2583,0.707106769,0.707106769
2584,0.707106769,0.707106769
2585,-0.707106769,0.707106769
2586,0.707106769,0.707106769
2587,-0.707106769,0.707106769
2588,0.707106769,0.707106769
2589,0.707106769,0.707106769
2590,-0.707106769,0.707106769
2591,0.707106769,0.707106769
2592,-0.707106769,0.707106769
2593,0.707106769,0.707106769
2594,-0.707106769,0.707106769
2595,-0.707106769,-0.707106769
2596,0.707106769,0.707106769
2597,0.707106769,-0.707106769
2598,-0.707106769,0.707106769
2599,-0.707106769,-0.707106769
2600,0.707106769,-0.707106769
2601,-0.707106769,0.707106769
2602,-0.707106769,0.707106769
2603,-0.707106769,-0.707106769
2604,-0.707106769,0.707106769
2605,-0.707106769,0.707106769
2606,0.707106769,-0.707106769
2607,0.707106769,-0.707106769
2608,-0.707106769,-0.707106769
2609,0.707106769,0.707106769
2610,-0.707106769,0.707106769
2611,0.707106769,-0.707106769
2612,0.707106769,-0.707106769
2613,0.707106769,0.707106769
2614,-0.707106769,0.707106769
2615,0.707106769,0.707106769
2616,0.707106769,0.707106769
2617,-0.707106769,-0.707106769
2618,-0.707106769,-0.707106769
2619,-0.707106769,-0.707106769
2620,-0.707106769,-0.707106769
2621,-0.707106769,0.707106769
2622,-0.707106769,-0.707106769
2623,-0.707106769,-0.707106769
2624,0.707106769,0.707106769
2625,-0.707106769,0.707106769
2626,0.707106769,-0.707106769
2627,-0.707106769,0.707106769
2628,0.707106769,-0.707106769
2629,-0.707106769,0.707106769
2630,0.707106769,0.707106769
2631,0.707106769,0.707106769
2632,-0.707106769,-0.707106769
2633,0.707106769,-0.707106769
2634,-0.707106769,-0.707106769
2635,-0.707106769,-0.707106769
2636,-0.707106769,-0.707106769
2637,0.707106769,0.707106769
2638,-0.707106769,-0.707106769
2639,-0.707106769,0.707106769
2640,-0.707106769,0.707106769
2641,-0.707106769,-0.707106769
2642,-0.707106769,0.707106769
2643,0.707106769,-0.707106769
2644,-0.707106769,0.707106769
2645,0.707106769,0.707106769
2646,-0.707106769,0.707106769
2647,-0.707106769,-0.707106769
2648,0.707106769,0.707106769
2649,0.707106769,0.707106769
2650,0.707106769,-0.707106769
2651,-0.707106769,-0.707106769
2652,0.707106769,-0.707106769
2653,-0.707106769,-0.707106769
2654,0.707106769,-0.707106769
2655,-0.707106769,0.707106769
2656,-0.707106769,0.707106769
2657,0.707106769,-0.707106769
2658,0.707106769,-0.707106769
2659,-0.707106769,0.707106769
2660,-0.707106769,0.707106769
2661,-0.707106769,0.707106769
2662,-0.707106769,0.707106769
2663,-0.707106769,0.707106769
2664,0.707106769,0.707106769
2665,0.707106769,-0.707106769
2666,0.707106769,-0.707106769
2667,-0.707106769,0.707106769
2668,-0.707106769,-0.707106769
2669,-0.707106769,0.707106769
2670,0.707106769,0.707106769
2671,0.707106769,0.707106769
2672,-0.707106769,0.707106769
2673,0.707106769,-0.707106769
2674,0.707106769,0.707106769
2675,-0.707106769,0.707106769
2676,-0.707106769,0.707106769
2677,0.707106769,-0.707106769
2678,-0.707106769,0.707106769
2679,-0.707106769,-0.707106769
2680,0.707106769,-0.707106769
2681,-0.707106769,0.707106769
2682,-0.707106769,0.707106769
2683,-0.707106769,-0.707106769
2684,0.707106769,0.707106769
2685,0.707106769,0.707106769
2686,0.707106769,-0.707106769
2687,-0.707106769,-0.707106769
2688,0.707106769,-0.707106769
2689,-0.707106769,0.707106769
2690,0.707106769,0.707106769
2691,0.707106769,-0.707106769
2692,0.707106769,-0.707106769
2693,0.707106769,-0.707106769
2694,0.707106769,-0.707106769
2695,0.707106769,-0.707106769
2696,0.707106769,-0.707106769
2697,0.707106769,-0.707106769
2698,-0.707106769,0.707106769
2699,0.707106769,0.707106769
2700,0.707106769,0.707106769
2701,0.707106769,0.707106769
2702,-0.707106769,-0.707106769
2703,0.707106769,-0.707106769
2704,-0.707106769,0.707106769
2705,0.707106769,-0.707106769
2706,-0.707106769,0.707106769
2707,0.707106769,0.707106769
2708,-0.707106769,0.707106769
2709,-0.707106769,-0.707106769
2710,0.707106769,-0.707106769
2711,-0.707106769,-0.707106769
2712,0.707106769,-0.707106769
2713,-0.707106769,-0.707106769
2714,-0.707106769,-0.707106769
2715,0.707106769,0.707106769
2716,-0.707106769,0.707106769
2717,-0.707106769,-0.707106769
2718,0.707106769,0.707106769
2719,0.707106769,0.707106769
2720,0.707106769,-0.707106769
2721,-0.707106769,-0.707106769
2722,0.707106769,0.707106769
2723,-0.707106769,0.707106769
2724,0.707106769,0.707106769
2725,-0.707106769,-0.707106769
2726,0.707106769,-0.707106769
2727,0.707106769,-0.707106769
2728,0.707106769,0.707106769
2729,0.707106769,-0.707106769
2730,-0.707106769,-0.707106769
2731,-0.707106769,0.707106769
2732,-0.707106769,-0.707106769
2733,-0.707106769,0.707106769
2734,-0.707106769,-0.707106769
2735,0.707106769,0.707106769
2736,0.707106769,-0.707106769
2737,-0.707106769,-0.707106769
2738,-0.707106769,-0.707106769
2739,0.707106769,-0.707106769
2740,-0.707106769,-0.707106769
2741,0.707106769,0.707106769
2742,-0.707106769,-0.707106769
2743,0.707106769,-0.707106769
2744,-0.707106769,0.707106769
2745,-0.707106769,-0.707106769
2746,0.707106769,-0.707106769
2747,-0.707106769,-0.707106769
2748,-0.707106769,-0.707106769
2749,-0.707106769,-0.707106769
2750,-0.707106769,-0.707106769
2751,0.707106769,-0.707106769
2752,0.707106769,-0.707106769
2753,0.707106769,-0.707106769
2754,0.707106769,0.707106769
2755,0.707106769,-0.707106769
2756,-0.707106769,0.707106769
2757,-0.707106769,-0.707106769
2758,0.707106769,0.707106769
2759,0.707106769,-0.707106769
2760,-0.707106769,-0.707106769
2761,-0.707106769,-0.707106769
2762,0.707106769,-0.707106769
2763,-0.707106769,0.707106769
2764,0.707106769,-0.707106769
2765,-0.707106769,-0.707106769
2766,0.707106769,0.707106769
2767,0.707106769,-0.707106769
2768,-0.707106769,-0.707106769
2769,-0.707106769,0.707106769
2770,-0.707106769,-0.707106769
2771,-0.707106769,-0.707106769
2772,-0.707106769,0.707106769
2773,-0.707106769,-0.707106769
2774,-0.707106769,-0.707106769
2775,-0.707106769,-0.707106769
2776,-0.707106769,-0.707106769
2777,0.707106769,-0.707106769
2778,-0.707106769,-0.707106769
2779,0.707106769,-0.707106769
2780,-0.707106769,0.707106769
2781,0.707106769,0.707106769
2782,0.707106769,-0.707106769
2783,0.707106769,-0.707106769
2784,-0.707106769,0.707106769
2785,0.707106769,-0.707106769
2786,-0.707106769,-0.707106769
2787,0.707106769,0.707106769
2788,0.707106769,0.707106769
2789,-0.707106769,-0.707106769
2790,-0.707106769,-0.707106769
2791,0.707106769,0.707106769
2792,0.707106769,-0.707106769
2793,0.707106769,-0.707106769
2794,0.707106769,0.707106769
2795,0.707106769,-0.707106769
2796,0.707106769,-0.707106769
2797,0.707106769,-0.707106769
2798,0.707106769,0.707106769
2799,-0.707106769,-0.707106769
2800,-0.707106769,0.707106769
2801,0.707106769,0.707106769
2802,-0.707106769,0.707106769
2803,-0.707106769,0.707106769
2804,-0.707106769,-0.707106769
2805,0.707106769,-0.707106769
2806,0.707106769,0.707106769
2807,0.707106769,-0.707106769
2808,0.707106769,0.707106769
2809,0.707106769,0.707106769
2810,0.707106769,0.707106769
2811,-0.707106769,-0.707106769
2812,-0.707106769,0.707106769
2813,0.707106769,-0.707106769
2814,-0.707106769,-0.707106769
2815,0.707106769,0.707106769
2816,-0.707106769,0.707106769
2817,0.707106769,-0.707106769
2818,-0.707106769,-0.707106769
2819,0.707106769,0.707106769
2820,0.707106769,0.707106769
2821,0.707106769,0.707106769
2822,0.707106769,0.707106769
2823,-0.707106769,-0.707106769
2824,-0.707106769,-0.707106769
2825,-0.707106769,0.707106769
2826,-0.707106769,0.707106769
2827,0.707106769,-0.707106769
2828,0.707106769,0.707106769
2829,-0.707106769,-0.707106769
2830,0.707106769,-0.707106769
2831,0.707106769,-0.707106769
2832,0.707106769,-0.707106769
2833,0.707106769,-0.707106769
2834,0.707106769,0.707106769
2835,-0.707106769,-0.707106769
2836,0.707106769,0.707106769
2837,-0.707106769,-0.707106769
2838,-0.707106769,-0.707106769
2839,-0.707106769,0.707106769
2840,-0.707106769,0.707106769
2841,-0.707106769,0.707106769
2842,-0.707106769,0.707106769
2843,0.707106769,0.707106769
2844,0.707106769,0.707106769
2845,-0.707106769,-0.707106769
2846,0.707106769,-0.707106769
2847,0.707106769,0.707106769
2848,0.707106769,0.707106769
2849,0.707106769,0.707106769
2850,0.707106769,0.707106769
2851,0.707106769,-0.707106769
2852,-0.707106769,-0.707106769
2853,0.707106769,0.707106769
2854,-0.707106769,0.707106769
2855,-0.707106769,0.707106769
2856,-0.707106769,-0.707106769
2857,0.707106769,-0.707106769
2858,0.707106769,0.707106769
2859,-0.707106769,0.707106769
2860,0.707106769,-0.707106769
2861,-0.707106769,0.707106769
2862,0.707106769,0.707106769
2863,-0.707106769,0.707106769
2864,0.707106769,-0.707106769
2865,-0.707106769,0.707106769
2866,-0.707106769,0.707106769
2867,-0.707106769,-0.707106769
2868,0.707106769,0.707106769
2869,0.707106769,-0.707106769
2870,-0.707106769,0.707106769
2871,-0.707106769,-0.707106769
2872,-0.707106769,-0.707106769
2873,0.707106769,0.707106769
2874,0.707106769,-0.707106769
2875,-0.707106769,0.707106769
2876,-0.707106769,0.707106769
2877,0.707106769,-0.707106769
2878,0.707106769,-0.707106769
2879,-0.707106769,0.707106769
2880,0.707106769,0.707106769
2881,-0.707106769,0.707106769
2882,0.707106769,-0.707106769
2883,-0.707106769,0.707106769
2884,-0.707106769,-0.707106769
2885,0.707106769,0.707106769
2886,0.707106769,0.707106769
2887,0.707106769,-0.707106769
2888,-0.707106769,-0.707106769
2889,-0.707106769,-0.707106769
2890,-0.707106769,-0.707106769
2891,-0.707106769,-0.707106769
2892,0.707106769,-0.707106769
2893,-0.707106769,-0.707106769
2894,-0.707106769,-0.707106769
2895,-0.707106769,-0.707106769
2896,0.707106769,-0.707106769
2897,0.707106769,0.707106769
2898,-0.707106769,-0.707106769
2899,-0.707106769,-0.707106769
2900,-0.707106769,0.707106769
2901,0.707106769,-0.707106769
2902,-0.707106769,0.707106769
2903,0.707106769,0.707106769
2904,0.707106769,0.707106769
2905,-0.707106769,-0.707106769
2906,-0.707106769,-0.707106769
2907,-0.707106769,0.707106769
2908,-0.707106769,0.707106769
2909,0.707106769,-0.707106769
2910,0.707106769,-0.707106769
2911,0.707106769,0.707106769
2912,0.707106769,0.707106769
2913,-0.707106769,-0.707106769
2914,-0.707106769,-0.707106769
2915,-0.707106769,0.707106769
2916,-0.707106769,0.707106769
2917,-0.707106769,-0.707106769
2918,-0.707106769,0.707106769
2919,0.707106769,-0.707106769
2920,0.707106769,-0.707106769
2921,0.707106769,0.707106769
2922,0.707106769,-0.707106769
2923,-0.707106769,-0.707106769
2924,-0.707106769,0.707106769
2925,0.707106769,-0.707106769
2926,-0.707106769,0.707106769
2927,0.707106769,-0.707106769
2928,0.707106769,-0.707106769
2929,-0.707106769,-0.707106769
2930,0.707106769,0.707106769
2931,-0.707106769,-0.707106769
2932,0.707106769,0.707106769
2933,0.707106769,0.707106769
2934,-0.707106769,0.707106769
2935,-0.707106769,0.707106769
2936,-0.707106769,0.707106769
2937,0.707106769,-0.707106769
2938,0.707106769,0.707106769
2939,0.707106769,-0.707106769
2940,-0.707106769,-0.707106769
2941,-0.707106769,0.707106769
2942,0.707106769,0.707106769
2943,0.707106769,0.707106769
2944,0.707106769,0.707106769
2945,-0.707106769,-0.707106769
2946,0.707106769,-0.707106769
2947,-0.707106769,-0.707106769
2948,0.707106769,0.707106769
2949,0.707106769,-0.707106769
2950,-0.707106769,0.707106769
2951,0.707106769,0.707106769
2952,0.707106769,-0.707106769
2953,0.707106769,-0.707106769
2954,0.707106769,-0.707106769
2955,-0.707106769,-0.707106769
2956,0.707106769,0.707106769
2957,-0.707106769,-0.707106769
2958,-0.707106769,-0.707106769
2959,-0.707106769,0.707106769
2960,-0.707106769,-0.707106769
2961,-0.707106769,-0.707106769
2962,0.707106769,-0.707106769
2963,-0.707106769,-0.707106769
2964,0.707106769,0.707106769
2965,0.707106769,-0.707106769
2966,-0.707106769,0.707106769
2967,-0.707106769,-0.707106769
2968,0.707106769,0.707106769
2969,-0.707106769,-0.707106769
2970,-0.707106769,-0.707106769
2971,-0.707106769,0.707106769
2972,-0.707106769,-0.707106769
2973,0.707106769,-0.707106769
2974,0.707106769,-0.707106769
2975,0.707106769,-0.707106769
2976,-0.707106769,0.707106769
2977,0.707106769,0.707106769
2978,-0.707106769,0.707106769
2979,-0.707106769,-0.707106769
2980,-0.707106769,0.707106769
2981,-0.707106769,0.707106769
2982,-0.707106769,0.707106769
2983,0.707106769,0.707106769
2984,-0.707106769,0.707106769
2985,-0.707106769,0.707106769
2986,-0.707106769,-0.707106769
2987,0.707106769,-0.707106769
2988,0.707106769,0.707106769
2989,0.707106769,-0.707106769
2990,0.707106769,0.707106769
2991,-0.707106769,-0.707106769
2992,0.707106769,-0.707106769
2993,0.707106769,-0.707106769
2994,0.707106769,-0.707106769
2995,0.707106769,0.707106769
2996,-0.707106769,0.707106769
2997,0.707106769,0.707106769
2998,0.707106769,0.707106769
2999,-0.707106769,-0.707106769
3000,-0.707106769,-0.707106769
3001,-0.707106769,0.707106769
3002,0.707106769,0.707106769
3003,-0.707106769,0.707106769
3004,-0.707106769,-0.707106769
3005,-0.707106769,-0.707106769
3006,-0.707106769,-0.707106769
3007,-0.707106769,0.707106769
3008,0.707106769,-0.707106769
3009,-0.707106769,0.707106769
3010,0.707106769,0.707106769
3011,0.707106769,0.707106769
3012,-0.707106769,-0.707106769
3013,-0.707106769,0.707106769
3014,-0.707106769,-0.707106769
3015,-0.707106769,0.707106769
3016,-0.707106769,-0.707106769
3017,0.707106769,-0.707106769
3018,0.707106769,0.707106769
3019,-0.707106769,-0.707106769
3020,0.707106769,-0.707106769
3021,-0.707106769,-0.707106769
3022,-0.707106769,-0.707106769
3023,-0.707106769,-0.707106769
3024,0.707106769,0.707106769
3025,-0.707106769,0.707106769
3026,-0.707106769,0.707106769
3027,0.707106769,0.707106769
3028,0.707106769,0.707106769
3029,-0.707106769,-0.707106769
3030,0.707106769,0.707106769
3031,-0.707106769,-0.707106769
3032,0.707106769,0.707106769
3033,0.707106769,-0.707106769
3034,-0.707106769,-0.707106769
3035,0.707106769,-0.707106769
3036,-0.707106769,0.707106769
3037,0.707106769,-0.707106769
3038,-0.707106769,-0.707106769
3039,-0.707106769,-0.707106769
3040,-0.707106769,-0.707106769
3041,0.707106769,0.707106769
3042,-0.707106769,-0.707106769
3043,-0.707106769,0.707106769
3044,0.707106769,-0.707106769
3045,0.707106769,0.707106769
3046,0.707106769,-0.707106769
3047,0.707106769,-0.707106769
3048,0.707106769,-0.707106769
3049,-0.707106769,0.707106769
3050,-0.707106769,0.707106769
3051,-0.707106769,-0.707106769
3052,-0.707106769,0.707106769
3053,0.707106769,0.707106769
3054,0.707106769,-0.707106769
3055,0.707106769,0.707106769
3056,0.707106769,-0.707106769
3057,0.707106769,0.707106769
3058,0.707106769,0.707106769
3059,-0.707106769,0.707106769
3060,0.707106769,0.707106769
3061,0.707106769,-0.707106769
3062,0.707106769,-0.707106769
3063,0.707106769,-0.707106769
3064,0.707106769,-0.707106769
3065,0.707106769,-0.707106769
3066,0.707106769,-0.707106769
3067,-0.707106769,-0.707106769
3068,0.707106769,-0.707106769
3069,-0.707106769,0.707106769
3070,0.707106769,-0.707106769
3071,-0.707106769,-0.707106769
3072,0.707106769,-0.707106769
3073,-0.707106769,-0.707106769
3074,-0.707106769,0.707106769
3075,0.707106769,0.707106769
3076,0.707106769,-0.707106769
3077,0.707106769,-0.707106769
3078,0.707106769,0.707106769
3079,-0.707106769,0.707106769
3080,0.707106769,-0.707106769
3081,0.707106769,0.707106769
3082,0.707106769,0.707106769
3083,-0.707106769,0.707106769
3084,-0.707106769,-0.707106769
3085,0.707106769,-0.707106769
3086,0.707106769,-0.707106769
3087,-0.707106769,-0.707106769
3088,0.707106769,0.707106769
3089,-0.707106769,0.707106769
3090,0.707106769,0.707106769
3091,-0.707106769,-0.707106769
3092,-0.707106769,0.707106769
3093,0.707106769,-0.707106769
3094,0.707106769,0.707106769
3095,0.707106769,0.707106769
3096,0.707106769,0.707106769
3097,0.707106769,0.707106769
3098,0.707106769,-0.707106769
3099,0.707106769,-0.707106769
3100,-0.707106769,-0.707106769
3101,-0.707106769,-0.707106769
3102,-0.707106769,-0.707106769
3103,0.707106769,0.707106769
3104,-0.707106769,-0.707106769
3105,-0.707106769,-0.707106769
3106,0.707106769,-0.707106769
3107,-0.707106769,0.707106769
3108,-0.707106769,-0.707106769
3109,-0.707106769,-0.707106769
3110,0.707106769,0.707106769
3111,-0.707106769,-0.707106769
3112,-0.707106769,-0.707106769
3113,0.707106769,-0.707106769
3114,-0.707106769,0.707106769
3115,-0.707106769,0.707106769
3116,0.707106769,-0.707106769
3117,0.707106769,-0.707106769
3118,0.707106769,0.707106769
3119,0.707106769,-0.707106769
3120,0.707106769,0.707106769
3121,-0.707106769,-0.707106769
3122,0.707106769,-0.707106769
3123,-0.707106769,0.707106769
3124,0.707106769,0.707106769
3125,-0.707106769,0.707106769
3126,-0.707106769,-0.707106769
3127,0.707106769,-0.707106769
3128,-0.707106769,0.707106769
3129,-0.707106769,0.707106769
3130,-0.707106769,-0.707106769
3131,-0.707106769,0.707106769
3132,-0.707106769,-0.707106769
3133,-0.707106769,-0.707106769
3134,-0.707106769,-0.707106769
3135,0.707106769,0.707106769
3136,-0.707106769,0.707106769
3137,-0.707106769,-0.707106769
3138,0.707106769,0.707106769
3139,-0.707106769,0.707106769
3140,-0.707106769,0.707106769
3141,0.707106769,0.707106769
3142,0.707106769,-0.707106769
3143,0.707106769,0.707106769
3144,0.707106769,-0.707106769
3145,0.707106769,-0.707106769
3146,0.707106769,-0.707106769
3147,-0.707106769,-0.707106769
3148,-0.707106769,-0.707106769
3149,0.707106769,-0.707106769
3150,0.707106769,-0.707106769
3151,0.707106769,0.707106769
3152,0.707106769,0.707106769
3153,0.707106769,-0.707106769
3154,0.707106769,0.707106769
3155,0.707106769,-0.707106769
3156,0.707106769,0.707106769
3157,0.707106769,-0.707106769
3158,-0.707106769,-0.707106769
3159,0.707106769,0.707106769
3160,-0.707106769,0.707106769
3161,0.707106769,0.707106769
3162,0.707106769,-0.707106769
3163,0.707106769,-0.707106769
3164,-0.707106769,-0.707106769
3165,-0.707106769,-0.707106769
3166,0.707106769,0.707106769
3167,-0.707106769,0.707106769
3168,-0.707106769,-0.707106769
3169,0.707106769,-0.707106769
3170,-0.707106769,0.707106769
3171,-0.707106769,0.707106769
3172,-0.707106769,0.707106769
3173,0.707106769,0.707106769
3174,-0.707106769,-0.707106769
3175,0.707106769,-0.707106769
3176,0.707106769,-0.707106769
3177,0.707106769,0.707106769
3178,-0.707106769,0.707106769
3179,-0.707106769,0.707106769
3180,0.707106769,-0.707106769
3181,0.707106769,-0.707106769
3182,-0.707106769,0.707106769
3183,0.707106769,0.707106769
3184,0.707106769,-0.707106769
3185,-0.707106769,0.707106769
3186,0.707106769,0.707106769
3187,0.707106769,0.707106769
3188,0.707106769,-0.707106769
3189,0.707106769,0.707106769
3190,0.707106769,0.707106769
3191,0.707106769,0.707106769
3192,0.707106769,-0.707106769
3193,-0.707106769,-0.707106769
3194,0.707106769,-0.707106769
3195,-0.707106769,-0.707106769
3196,-0.707106769,-0.707106769
3197,-0.707106769,0.707106769
3198,0.707106769,0.707106769
3199,0.707106769,-0.707106769
3200,-0.707106769,-0.707106769
3201,0.707106769,-0.707106769
3202,-0.707106769,-0.707106769
3203,0.707106769,-0.707106769
3204,-0.707106769,0.707106769
3205,0.707106769,0.707106769
3206,0.707106769,-0.707106769
3207,0.707106769,-0.707106769
3208,0.707106769,-0.707106769
3209,0.707106769,0.707106769
3210,-0.707106769,0.707106769
3211,0.707106769,-0.707106769
3212,0.707106769,-0.707106769
3213,-0.707106769,0.707106769
3214,0.707106769,-0.707106769
3215,-0.707106769,0.707106769
3216,0.707106769,0.707106769
3217,0.707106769,-0.707106769
3218,0.707106769,-0.707106769
3219,-0.707106769,0.707106769
3220,0.707106769,0.707106769
3221,-0.707106769,0.707106769
3222,-0.707106769,-0.707106769
3223,-0.707106769,0.707106769
3224,-0.707106769,-0.707106769
3225,0.707106769,0.707106769
3226,0.707106769,-0.707106769
3227,-0.707106769,0.707106769
3228,0.707106769,0.707106769
3229,-0.707106769,0.707106769
3230,-0.707106769,0.707106769
3231,0.707106769,-0.707106769
3232,-0.707106769,0.707106769
3233,0.707106769,0.707106769
3234,0.707106769,-0.707106769
3235,0.707106769,-0.707106769
3236,0.707106769,0.707106769
3237,0.707106769,0.707106769
3238,0.707106769,0.707106769
3239,0.707106769,0.707106769
3240,-0.707106769,0.707106769
3241,-0.707106769,-0.707106769
3242,0.707106769,-0.707106769
3243,0.707106769,-0.707106769
3244,-0.707106769,-0.707106769
3245,-0.707106769,-0.707106769
3246,0.707106769,-0.707106769
3247,-0.707106769,-0.707106769
3248,0.707106769,0.707106769
3249,0.707106769,0.707106769
3250,-0.707106769,0.707106769
3251,0.707106769,-0.707106769
3252,-0.707106769,-0.707106769
3253,0.707106769,-0.707106769
3254,-0.707106769,0.707106769
3255,-0.707106769,0.707106769
3256,-0.707106769,0.707106769
3257,-0.707106769,0.707106769
3258,0.707106769,0.707106769
3259,0.707106769,0.707106769
3260,-0.707106769,-0.707106769
3261,-0.707106769,-0.707106769
3262,-0.707106769,0.707106769
3263,0.707106769,-0.707106769
3264,-0.707106769,0.707106769
3265,-0.707106769,0.707106769
3266,-0.707106769,-0.707106769
3267,0.707106769,-0.707106769
3268,0.707106769,-0.707106769
3269,-0.707106769,-0.707106769
3270,0.707106769,-0.707106769
3271,0.707106769,0.707106769
3272,0.707106769,0.707106769
3273,0.707106769,0.707106769
3274,0.707106769,0.707106769
3275,-0.707106769,-0.707106769
3276,-0.707106769,-0.707106769
3277,-0.707106769,-0.707106769
3278,-0.707106769,-0.707106769
3279,-0.707106769,0.707106769
3280,0.707106769,-0.707106769
3281,0.707106769,0.707106769
3282,0.707106769,-0.707106769
3283,-0.707106769,-0.707106769
3284,-0.707106769,-0.707106769
3285,0.707106769,0.707106769
3286,-0.707106769,0.707106769
3287,0.707106769,-0.707106769
3288,0.707106769,-0.707106769
3289,-0.707106769,-0.707106769
3290,-0.707106769,0.707106769
3291,-0.707106769,0.707106769
3292,0.707106769,0.707106769
3293,0.707106769,0.707106769
3294,0.707106769,0.707106769
3295,0.707106769,0.707106769
3296,0.707106769,0.707106769
3297,0.707106769,-0.707106769
3298,-0.707106769,0.707106769
3299,0.707106769,-0.707106769
3300,-0.707106769,0.707106769
3301,0.707106769,-0.707106769
3302,0.707106769,0.707106769
3303,0.707106769,0.707106769
3304,-0.707106769,-0.707106769
3305,-0.707106769,-0.707106769
3306,0.707106769,-0.707106769
3307,-0.707106769,-0.707106769
3308,-0.707106769,0.707106769
3309,0.707106769,0.707106769
3310,-0.707106769,-0.707106769
3311,-0.707106769,-0.707106769
3312,-0.707106769,0.707106769
3313,0.707106769,-0.707106769
3314,-0.707106769,-0.707106769
3315,-0.707106769,-0.707106769
3316,0.707106769,-0.707106769
3317,-0.707106769,0.707106769
3318,0.707106769,0.707106769
3319,-0.707106769,-0.707106769
3320,0.707106769,-0.707106769
3321,0.707106769,0.707106769
3322,0.707106769,-0.707106769
3323,0.707106769,0.707106769
3324,-0.707106769,-0.707106769
3325,-0.707106769,-0.707106769
3326,-0.707106769,0.707106769
3327,0.707106769,-0.707106769
3328,-0.707106769,-0.707106769
3329,-0.707106769,0.707106769
3330,0.707106769,0.707106769
3331,0.707106769,0.707106769
3332,0.707106769,-0.707106769
3333,-0.707106769,-0.707106769
3334,0.707106769,-0.707106769
3335,0.707106769,-0.707106769
3336,0.707106769,-0.707106769
3337,0.707106769,0.707106769
3338,-0.707106769,0.707106769
3339,0.707106769,0.707106769
3340,0.707106769,0.707106769
3341,0.707106769,-0.707106769
3342,0.707106769,0.707106769
3343,-0.707106769,0.707106769
3344,0.707106769,0.707106769
3345,-0.707106769,-0.707106769
3346,-0.707106769,-0.707106769
3347,0.707106769,0.707106769
3348,-0.707106769,0.707106769
3349,0.707106769,0.707106769
3350,0.707106769,-0.707106769
3351,-0.707106769,-0.707106769
3352,0.707106769,0.707106769
3353,0.707106769,-0.707106769
3354,-0.707106769,-0.707106769
3355,0.707106769,-0.707106769
3356,0.707106769,0.707106769
3357,0.707106769,0.707106769
3358,0.707106769,0.707106769
3359,0.707106769,0.707106769
3360,0.707106769,0.707106769
3361,0.707106769,-0.707106769
3362,0.707106769,0.707106769
3363,-0.707106769,-0.707106769
3364,-0.707106769,0.707106769
3365,0.707106769,0.707106769
3366,0.707106769,-0.707106769
3367,0.707106769,-0.707106769
3368,0.707106769,0.707106769
3369,0.707106769,-0.707106769
3370,0.707106769,-0.707106769
3371,-0.707106769,0.707106769
3372,-0.707106769,-0.707106769
3373,0.707106769,0.707106769
3374,-0.707106769,-0.707106769
3375,0.707106769,0.707106769
3376,-0.707106769,-0.707106769
3377,-0.707106769,0.707106769
3378,-0.707106769,0.707106769
3379,-0.707106769,-0.707106769
3380,-0.707106769,-0.707106769
3381,-0.707106769,-0.707106769
3382,-0.707106769,-0.707106769
3383,-0.707106769,0.707106769
3384,-0.707106769,-0.707106769
3385,0.707106769,0.707106769
3386,-0.707106769,-0.707106769
3387,0.707106769,0.707106769
3388,-0.707106769,0.707106769
3389,0.707106769,0.707106769
3390,0.707106769,0.707106769
3391,0.707106769,0.707106769
3392,-0.707106769,0.707106769
3393,0.707106769,0.707106769
3394,0.707106769,0.707106769
3395,-0.707106769,-0.707106769
3396,0.707106769,-0.707106769
3397,-0.707106769,0.707106769
3398,-0.707106769,0.707106769
3399,-0.707106769,-0.707106769
3400,0.707106769,-0.707106769
3401,-0.707106769,0.707106769
3402,-0.707106769,0.707106769
3403,0.707106769,0.707106769
3404,-0.707106769,0.707106769
3405,-0.707106769,-0.707106769
3406,0.707106769,0.707106769
3407,-0.707106769,-0.707106769
3408,0.707106769,-0.707106769
3409,0.707106769,-0.707106769
3410,0.707106769,-0.707106769
3411,0.707106769,0.707106769
3412,-0.707106769,0.707106769
3413,0.707106769,0.707106769
3414,0.707106769,-0.707106769
3415,-0.707106769,0.707106769
3416,-0.707106769,-0.707106769
3417,0.707106769,0.707106769
3418,0.707106769,-0.707106769
3419,0.707106769,-0.707106769
3420,0.707106769,0.707106769
3421,-0.707106769,-0.707106769
3422,-0.707106769,-0.707106769
3423,-0.707106769,-0.707106769
3424,-0.707106769,0.707106769
3425,-0.707106769,0.707106769
3426,0.707106769,0.707106769
3427,-0.707106769,-0.707106769
3428,-0.707106769,0.707106769
3429,-0.707106769,-0.707106769
3430,0.707106769,0.707106769
3431,-0.707106769,-0.707106769
3432,-0.707106769,0.707106769
3433,0.707106769,0.707106769
3434,0.707106769,-0.707106769
3435,0.707106769,-0.707106769
3436,0.707106769,-0.707106769
3437,-0.707106769,-0.707106769
3438,0.707106769,-0.707106769
3439,0.707106769,-0.707106769
3440,0.707106769,-0.707106769
3441,0.707106769,-0.707106769
3442,-0.707106769,-0.707106769
3443,0.707106769,-0.707106769
3444,-0.707106769,-0.707106769
3445,-0.707106769,-0.707106769
3446,0.707106769,-0.707106769
3447,-0.707106769,-0.707106769
3448,-0.707106769,0.707106769
3449,0.707106769,-0.707106769
3450,-0.707106769,-0.707106769
3451,0.707106769,-0.707106769
3452,-0.707106769,-0.707106769
3453,-0.707106769,0.707106769
3454,-0.707106769,-0.707106769
3455,-0.707106769,0.707106769
3456,0.707106769,-0.707106769
3457,0.707106769,-0.707106769
3458,-0.707106769,0.707106769
3459,-0.707106769,-0.707106769
3460,0.707106769,0.707106769
3461,0.707106769,0.707106769
3462,-0.707106769,0.707106769
3463,0.707106769,-0.707106769
3464,0.707106769,0.707106769
3465,0.707106769,0.707106769
3466,0.707106769,0.707106769
3467,0.707106769,-0.707106769
3468,0.707106769,-0.707106769
3469,-0.707106769,0.707106769
3470,0.707106769,0.707106769
3471,0.707106769,-0.707106769
3472,0.707106769,0.707106769
3473,-0.707106769,-0.707106769
3474,0.707106769,-0.707106769
3475,0.707106769,-0.707106769
3476,0.707106769,-0.707106769
3477,0.707106769,-0.707106769
3478,-0.707106769,0.707106769
3479,-0.707106769,-0.707106769
3480,0.707106769,0.707106769
3481,0.707106769,-0.707106769
3482,-0.707106769,0.707106769
3483,0.707106769,0.707106769
3484,-0.707106769,-0.707106769
3485,0.707106769,0.707106769
3486,0.707106769,0.707106769
3487,-0.707106769,0.707106769
3488,0.707106769,0.707106769
3489,-0.707106769,0.707106769
3490,-0.707106769,-0.707106769
3491,-0.707106769,-0.707106769
3492,-0.707106769,-0.707106769
3493,-0.707106769,0.707106769
3494,0.707106769,-0.707106769
3495,-0.707106769,-0.707106769
3496,0.707106769,0.707106769
3497,0.707106769,-0.707106769
3498,0.707106769,-0.707106769
3499,-0.707106769,0.707106769
3500,-0.707106769,-0.707106769
3501,-0.707106769,-0.707106769
3502,-0.707106769,-0.707106769
3503,-0.707106769,0.707106769
3504,0.707106769,-0.707106769
3505,0.707106769,0.707106769
3506,0.707106769,-0.707106769
3507,-0.707106769,-0.707106769
3508,0.707106769,0.707106769
3509,0.707106769,0.707106769
3510,-0.707106769,0.707106769
3511,0.707106769,0.707106769
3512,-0.707106769,0.707106769
3513,0.707106769,-0.707106769
3514,0.707106769,-0.707106769
3515,-0.707106769,-0.707106769
3516,0.707106769,0.707106769
3517,-0.707106769,-0.707106769
3518,0.707106769,-0.707106769
3519,0.707106769,0.707106769
3520,0.707106769,0.707106769
3521,-0.707106769,-0.707106769
3522,0.707106769,0.707106769
3523,-0.707106769,-0.707106769
3524,-0.707106769,-0.707106769
3525,0.707106769,-0.707106769
3526,-0.707106769,0.707106769
3527,0.707106769,0.707106769
3528,-0.707106769,-0.707106769
3529,0.707106769,0.707106769
3530,0.707106769,-0.707106769
3531,0.707106769,-0.707106769
3532,0.707106769,-0.707106769
3533,-0.707106769,0.707106769
3534,0.707106769,0.707106769
3535,-0.707106769,0.707106769
3536,0.707106769,0.707106769
3537,-0.707106769,-0.707106769
3538,0.707106769,-0.707106769
3539,-0.707106769,0.707106769
3540,0.707106769,-0.707106769
3541,0.707106769,0.707106769
3542,0.707106769,0.707106769
3543,0.707106769,-0.707106769
3544,0.707106769,0.707106769
3545,0.707106769,-0.707106769
3546,0.707106769,0.707106769
3547,0.707106769,0.707106769
3548,-0.707106769,0.707106769
3549,0.707106769,-0.707106769
3550,-0.707106769,0.707106769
3551,-0.707106769,0.707106769
3552,-0.707106769,-0.707106769
3553,-0.707106769,-0.707106769
3554,-0.707106769,-0.707106769
3555,-0.707106769,0.707106769
3556,-0.707106769,-0.707106769
3557,-0.707106769,0.707106769
3558,0.707106769,0.707106769
3559,0.707106769,-0.707106769
3560,0.707106769,-0.707106769
3561,0.707106769,0.707106769
3562,0.707106769,0.707106769
3563,-0.707106769,-0.707106769
3564,-0.707106769,-0.707106769
3565,-0.707106769,0.707106769
3566,-0.707106769,-0.707106769
3567,0.707106769,-0.707106769
3568,0.707106769,0.707106769
3569,0.707106769,0.707106769
3570,0.707106769,0.707106769
3571,0.707106769,-0.707106769
3572,-0.707106769,0.707106769
3573,0.707106769,-0.707106769
3574,-0.707106769,0.707106769
3575,-0.707106769,0.707106769
3576,-0.707106769,0.707106769
3577,-0.707106769,-0.707106769
3578,-0.707106769,0.707106769
3579,0.707106769,-0.707106769
3580,-0.707106769,-0.707106769
3581,0.707106769,-0.707106769
3582,0.707106769,-0.707106769
3583,0.707106769,0.707106769
3584,0.707106769,0.707106769
3585,0.707106769,0.707106769
3586,0.707106769,-0.707106769
3587,-0.707106769,-0.707106769
3588,-0.707106769,0.707106769
3589,-0.707106769,-0.707106769
3590,-0.707106769,0.707106769
3591,-0.707106769,-0.707106769
3592,0.707106769,-0.707106769
3593,-0.707106769,-0.707106769
3594,-0.707106769,0.707106769
3595,-0.707106769,0.707106769
3596,0.707106769,0.707106769
3597,-0.707106769,-0.707106769
3598,0.707106769,0.707106769
3599,-0.707106769,-0.707106769
3600,-0.707106769,-0.707106769
3601,-0.707106769,0.707106769
3602,0.707106769,0.707106769
3603,0.707106769,0.707106769
3604,-0.707106769,-0.707106769
3605,0.707106769,0.707106769
3606,-0.707106769,-0.707106769
3607,0.707106769,-0.707106769
3608,-0.707106769,0.707106769
3609,-0.707106769,0.707106769
3610,-0.707106769,-0.707106769
3611,-0.707106769,0.707106769
3612,0.707106769,0.707106769
3613,-0.707106769,0.707106769
3614,-0.707106769,0.707106769
3615,0.707106769,-0.707106769
3616,-0.707106769,-0.707106769
3617,0.707106769,-0.707106769
3618,-0.707106769,0.707106769
3619,0.707106769,-0.707106769
3620,-0.707106769,0.707106769
3621,-0.707106769,-0.707106769
3622,-0.707106769,-0.707106769
3623,-0.707106769,0.707106769
3624,0.707106769,0.707106769
3625,0.707106769,-0.707106769
3626,-0.707106769,0.707106769
3627,-0.707106769,-0.707106769
3628,0.707106769,0.707106769
3629,-0.707106769,-0.707106769
3630,-0.707106769,-0.707106769
3631,0.707106769,0.707106769
3632,-0.707106769,0.707106769
3633,0.707106769,-0.707106769
3634,0.707106769,-0.707106769
3635,0.707106769,-0.707106769
3636,-0.707106769,0.707106769
3637,0.707106769,-0.707106769
3638,-0.707106769,0.707106769
3639,-0.707106769,0.707106769
3640,-0.707106769,0.707106769
3641,-0.707106769,0.707106769
3642,0.707106769,0.707106769
3643,0.707106769,-0.707106769
3644,0.707106769,-0.707106769
3645,0.707106769,-0.707106769
3646,-0.707106769,0.707106769
3647,-0.707106769,-0.707106769
3648,-0.707106769,0.707106769
3649,-0.707106769,-0.707106769
3650,-0.707106769,0.707106769
3651,0.707106769,0.707106769
3652,-0.707106769,0.707106769
3653,-0.707106769,-0.707106769
3654,0.707106769,-0.707106769
3655,0.707106769,-0.707106769
3656,-0.707106769,0.707106769
3657,0.707106769,0.707106769
3658,0.707106769,0.707106769
3659,-0.707106769,0.707106769
3660,0.707106769,0.707106769
3661,0.707106769,-0.707106769
3662,0.707106769,-0.707106769
3663,0.707106769,0.707106769
3664,0.707106769,0.707106769
3665,-0.707106769,-0.707106769
3666,0.707106769,-0.707106769
3667,0.707106769,0.707106769
3668,-0.707106769,-0.707106769
3669,-0.707106769,-0.707106769
3670,0.707106769,-0.707106769
3671,-0.707106769,0.707106769
3672,0.707106769,-0.707106769
3673,-0.707106769,0.707106769
3674,0.707106769,0.707106769
3675,-0.707106769,-0.707106769
3676,-0.707106769,0.707106769
3677,-0.707106769,-0.707106769
3678,0.707106769,-0.707106769
3679,0.707106769,0.707106769
3680,-0.707106769,0.707106769
3681,-0.707106769,0.707106769
3682,0.707106769,-0.707106769
3683,0.707106769,-0.707106769
3684,-0.707106769,0.707106769
3685,0.707106769,0.707106769
3686,0.707106769,-0.707106769
3687,0.707106769,0.707106769
3688,-0.707106769,0.707106769
3689,0.707106769,-0.707106769
3690,-0.707106769,0.707106769
3691,0.707106769,-0.707106769
3692,0.707106769,-0.707106769
3693,0.707106769,0.707106769
3694,-0.707106769,0.707106769
3695,-0.707106769,0.707106769
3696,0.707106769,0.707106769
3697,-0.707106769,0.707106769
3698,-0.707106769,-0.707106769
3699,-0.707106769,0.707106769
3700,0.707106769,0.707106769
3701,-0.707106769,-0.707106769
3702,-0.707106769,0.707106769
3703,0.707106769,-0.707106769
3704,0.707106769,-0.707106769
3705,0.707106769,0.707106769
3706,0.707106769,-0.707106769
3707,0.707106769,-0.707106769
3708,-0.707106769,-0.707106769
3709,0.707106769,0.707106769
3710,-0.707106769,0.707106769
3711,-0.707106769,-0.707106769
3712,0.707106769,0.707106769
3713,-0.707106769,0.707106769
3714,-0.707106769,-0.707106769
3715,0.707106769,-0.707106769
3716,0.707106769,0.707106769
3717,-0.707106769,0.707106769
3718,-0.707106769,-0.707106769
3719,-0.707106769,0.707106769
3720,0.707106769,-0.707106769
3721,0.707106769,0.707106769
3722,-0.707106769,0.707106769
3723,-0.707106769,-0.707106769
3724,-0.707106769,0.707106769
3725,-0.707106769,-0.707106769
3726,0.707106769,-0.707106769
3727,-0.707106769,-0.707106769
3728,0.707106769,-0.707106769
3729,0.707106769,-0.707106769
3730,0.707106769,-0.707106769
3731,-0.707106769,-0.707106769
3732,-0.707106769,-0.707106769
3733,-0.707106769,-0.707106769
3734,-0.707106769,0.707106769
3735,0.707106769,-0.707106769
3736,0.707106769,0.707106769
3737,0.707106769,0.707106769
3738,-0.707106769,0.707106769
3739,-0.707106769,-0.707106769
3740,-0.707106769,0.707106769
3741,-0.707106769,0.707106769
3742,-0.707106769,0.707106769
3743,0.707106769,0.707106769
3744,-0.707106769,0.707106769
3745,-0.707106769,0.707106769
3746,0.707106769,-0.707106769
3747,-0.707106769,0.707106769
3748,-0.707106769,0.707106769
3749,-0.707106769,-0.707106769
3750,-0.707106769,0.707106769
3751,-0.707106769,-0.707106769
3752,0.707106769,-0.707106769
3753,0.707106769,-0.707106769
3754,0.707106769,0.707106769
3755,-0.707106769,0.707106769
3756,-0.707106769,0.707106769
3757,-0.707106769,-0.707106769
3758,-0.707106769,-0.707106769
3759,-0.707106769,-0.707106769
3760,-0.707106769,0.707106769
3761,-0.707106769,0.707106769
3762,0.707106769,-0.707106769
3763,0.707106769,0.707106769
3764,0.707106769,0.707106769
3765,0.707106769,0.707106769
3766,0.707106769,0.707106769
3767,0.707106769,-0.707106769
3768,-0.707106769,0.707106769
3769,0.707106769,0.707106769
3770,0.707106769,-0.707106769
3771,-0.707106769,-0.707106769
3772,-0.707106769,-0.707106769
3773,-0.707106769,-0.707106769
3774,0.707106769,-0.707106769
3775,0.707106769,0.707106769
3776,-0.707106769,0.707106769
3777,-0.707106769,-0.707106769
3778,-0.707106769,-0.707106769
3779,0.707106769,-0.707106769
3780,0.707106769,0.707106769
3781,0.707106769,0.707106769
3782,-0.707106769,-0.707106769
3783,-0.707106769,0.707106769
3784,0.707106769,-0.707106769
3785,0.707106769,-0.707106769
3786,0.707106769,-0.707106769
3787,0.707106769,-0.707106769
3788,-0.707106769,0.707106769
3789,-0.707106769,0.707106769
3790,-0.707106769,-0.707106769
3791,-0.707106769,-0.707106769
3792,-0.707106769,-0.707106769
3793,0.707106769,0.707106769
3794,-0.707106769,0.707106769
3795,-0.707106769,0.707106769
3796,-0.707106769,0.707106769
3797,-0.707106769,-0.707106769
3798,-0.707106769,0.707106769
3799,0.707106769,-0.707106769
3800,0.707106769,-0.707106769
3801,0.707106769,-0.707106769
3802,-0.707106769,0.707106769
3803,-0.707106769,0.707106769
3804,0.707106769,-0.707106769
3805,-0.707106769,0.707106769
3806,-0.707106769,0.707106769
3807,0.707106769,-0.707106769
3808,-0.707106769,0.707106769
3809,0.707106769,0.707106769
3810,-0.707106769,0.707106769
3811,0.707106769,-0.707106769
3812,-0.707106769,-0.707106769
3813,0.707106769,0.707106769
3814,0.707106769,-0.707106769
3815,0.707106769,0.707106769
3816,-0.707106769,0.707106769
3817,0.707106769,0.707106769
3818,-0.707106769,-0.707106769
3819,-0.707106769,-0.707106769
3820,0.707106769,0.707106769
3821,-0.707106769,0.707106769
3822,-0.707106769,0.707106769
3823,0.707106769,0.707106769
3824,-0.707106769,-0.707106769
3825,-0.707106769,0.707106769
3826,0.707106769,0.707106769
3827,0.707106769,0.707106769
3828,0.707106769,0.707106769
3829,-0.707106769,0.707106769
3830,-0.707106769,-0.707106769
3831,-0.707106769,0.707106769
3832,-0.707106769,0.707106769
3833,0.707106769,0.707106769
3834,-0.707106769,0.707106769
3835,0.707106769,0.707106769
3836,0.707106769,-0.707106769
3837,-0.707106769,0.707106769
3838,0.707106769,0.707106769
3839,-0.707106769,-0.707106769
3840,0.707106769,0.707106769
3841,0.707106769,0.707106769
3842,-0.707106769,0.707106769
3843,0.707106769,0.707106769
3844,-0.707106769,0.707106769
3845,-0.707106769,-0.707106769
3846,0.707106769,-0.707106769
3847,-0.707106769,0.707106769
3848,0.707106769,0.707106769
3849,-0.707106769,0.707106769
3850,-0.707106769,0.707106769
3851,-0.707106769,-0.707106769
3852,-0.707106769,-0.707106769
3853,0.707106769,-0.707106769
3854,-0.707106769,0.707106769
3855,-0.707106769,-0.707106769
3856,-0.707106769,-0.707106769
3857,0.707106769,-0.707106769
3858,-0.707106769,0.707106769
3859,-0.707106769,0.707106769
3860,-0.707106769,-0.707106769
3861,-0.707106769,-0.707106769
3862,-0.707106769,0.707106769
3863,0.707106769,0.707106769
3864,-0.707106769,-0.707106769
3865,-0.707106769,0.707106769
3866,-0.707106769,-0.707106769
3867,-0.707106769,-0.707106769
3868,0.707106769,0.707106769
3869,0.707106769,-0.707106769
3870,0.707106769,-0.707106769
3871,-0.707106769,-0.707106769
3872,0.707106769,0.707106769
3873,-0.707106769,-0.707106769
3874,-0.707106769,0.707106769
3875,-0.707106769,0.707106769
3876,-0.707106769,-0.707106769
3877,-0.707106769,-0.707106769
3878,0.707106769,-0.707106769
3879,-0.707106769,0.707106769
3880,-0.707106769,-0.707106769
3881,0.707106769,-0.707106769
3882,0.707106769,-0.707106769
3883,-0.707106769,0.707106769
3884,-0.707106769,-0.707106769
3885,0.707106769,-0.707106769
3886,-0.707106769,0.707106769
3887,-0.707106769,0.707106769
3888,0.707106769,0.707106769
3889,-0.707106769,0.707106769
3890,-0.707106769,-0.707106769
3891,0.707106769,-0.707106769
3892,0.707106769,0.707106769
3893,-0.707106769,0.707106769
3894,-0.707106769,0.707106769
3895,0.707106769,0.707106769
3896,0.707106769,0.707106769
3897,0.707106769,-0.707106769
3898,-0.707106769,0.707106769
3899,-0.707106769,-0.707106769
3900,0.707106769,0.707106769
3901,-0.707106769,-0.707106769
3902,0.707106769,-0.707106769
3903,-0.707106769,-0.707106769
3904,-0.707106769,-0.707106769
3905,0.707106769,0.707106769
3906,0.707106769,0.707106769
3907,-0.707106769,-0.707106769
3908,-0.707106769,0.707106769
3909,-0.707106769,-0.707106769
3910,-0.707106769,0.707106769
3911,-0.707106769,-0.707106769
3912,0.707106769,0.707106769
3913,-0.707106769,-0.707106769
3914,0.707106769,-0.707106769
3915,-0.707106769,0.707106769
3916,0.707106769,0.707106769
3917,-0.707106769,0.707106769
3918,0.707106769,-0.707106769
3919,0.707106769,-0.707106769
3920,0.707106769,0.707106769
3921,-0.707106769,0.707106769
3922,-0.707106769,-0.707106769
3923,0.707106769,-0.707106769
3924,0.707106769,0.707106769
3925,-0.707106769,-0.707106769
3926,-0.707106769,0.707106769
3927,0.707106769,-0.707106769
3928,0.707106769,0.707106769
3929,0.707106769,0.707106769
3930,0.707106769,-0.707106769
3931,-0.707106769,-0.707106769
3932,0.707106769,0.707106769
3933,-0.707106769,0.707106769
3934,0.707106769,0.707106769
3935,0.707106769,-0.707106769
3936,-0.707106769,0.707106769
3937,-0.707106769,-0.707106769
3938,-0.707106769,-0.707106769
3939,-0.707106769,-0.707106769
3940,0.707106769,-0.707106769
3941,-0.707106769,0.707106769
3942,0.707106769,0.707106769
3943,0.707106769,0.707106769
3944,0.707106769,0.707106769
3945,0.707106769,-0.707106769
3946,-0.707106769,-0.707106769
3947,0.707106769,-0.707106769
3948,0.707106769,0.707106769
3949,-0.707106769,0.707106769
3950,-0.707106769,-0.707106769
3951,0.707106769,-0.707106769
3952,0.707106769,0.707106769
3953,-0.707106769,-0.707106769
3954,0.707106769,0.707106769
3955,-0.707106769,0.707106769
3956,0.707106769,0.707106769
3957,-0.707106769,0.707106769
3958,0.707106769,-0.707106769
3959,-0.707106769,-0.707106769
3960,0.707106769,-0.707106769
3961,0.707106769,-0.707106769
3962,0.707106769,-0.707106769
3963,-0.707106769,0.707106769
3964,-0.707106769,0.707106769
3965,0.707106769,0.707106769
3966,0.707106769,-0.707106769
3967,0.707106769,0.707106769
3968,-0.707106769,-0.707106769
3969,-0.707106769,0.707106769
3970,0.707106769,-0.707106769
3971,-0.707106769,-0.707106769
3972,-0.707106769,0.707106769
3973,-0.707106769,0.707106769
3974,-0.707106769,-0.707106769
3975,0.707106769,0.707106769
3976,-0.707106769,0.707106769
3977,0.707106769,0.707106769
3978,-0.707106769,-0.707106769
3979,0.707106769,0.707106769
3980,-0.707106769,-0.707106769
3981,0.707106769,-0.707106769
3982,-0.707106769,-0.707106769
3983,0.707106769,-0.707106769
3984,0.707106769,-0.707106769
3985,0.707106769,0.707106769
3986,0.707106769,0.707106769
3987,-0.707106769,-0.707106769
3988,0.707106769,-0.707106769
3989,-0.707106769,0.707106769
3990,0.707106769,0.707106769
3991,-0.707106769,0.707106769
3992,-0.707106769,-0.707106769
3993,-0.707106769,0.707106769
3994,0.707106769,-0.707106769
3995,0.707106769,0.707106769
3996,0.707106769,-0.707106769
3997,-0.707106769,-0.707106769
3998,0.707106769,-0.707106769
3999,0.707106769,0.707106769
4000,-0.707106769,-0.707106769
4001,-0.707106769,0.707106769
4002,0.707106769,0.707106769
4003,0.707106769,0.707106769
4004,0.707106769,-0.707106769
4005,0.707106769,0.707106769
4006,0.707106769,0.707106769
4007,-0.707106769,0.707106769
4008,-0.707106769,0.707106769
4009,0.707106769,0.707106769
4010,-0.707106769,0.707106769
4011,-0.707106769,0.707106769
4012,0.707106769,0.707106769
4013,-0.707106769,-0.707106769
4014,0.707106769,0.707106769
4015,0.707106769,0.707106769
4016,-0.707106769,-0.707106769
4017,0.707106769,0.707106769
4018,-0.707106769,0.707106769
4019,-0.707106769,-0.707106769
4020,-0.707106769,-0.707106769
4021,0.707106769,-0.707106769
4022,-0.707106769,-0.707106769
4023,0.707106769,-0.707106769
4024,0.707106769,0.707106769
4025,-0.707106769,-0.707106769
4026,-0.707106769,-0.707106769
4027,0.707106769,-0.707106769
4028,-0.707106769,-0.707106769
4029,-0.707106769,-0.707106769
4030,-0.707106769,0.707106769
4031,-0.707106769,-0.707106769
4032,-0.707106769,0.707106769
4033,0.707106769,0.707106769
4034,-0.707106769,0.707106769
4035,-0.707106769,0.707106769
4036,-0.707106769,0.707106769
4037,0.707106769,-0.707106769
4038,-0.707106769,-0.707106769
4039,0.707106769,-0.707106769
4040,0.707106769,-0.707106769
4041,-0.707106769,-0.707106769
4042,-0.707106769,-0.707106769
4043,-0.707106769,0.707106769
4044,-0.707106769,0.707106769
4045,-0.707106769,0.707106769
4046,-0.707106769,0.707106769
4047,0.707106769,-0.707106769
4048,-0.707106769,0.707106769
4049,0.707106769,-0.707106769
4050,0.707106769,0.707106769
4051,-0.707106769,-0.707106769
4052,0.707106769,-0.707106769
4053,0.707106769,-0.707106769
4054,-0.707106769,0.707106769
4055,-0.707106769,0.707106769
4056,0.707106769,0.707106769
4057,0.707106769,-0.707106769
4058,0.707106769,0.707106769
4059,-0.707106769,-0.707106769
4060,-0.707106769,-0.707106769
4061,-0.707106769,-0.707106769
4062,-0.707106769,-0.707106769
4063,-0.707106769,0.707106769
4064,0.707106769,-0.707106769
4065,-0.707106769,-0.707106769
4066,-0.707106769,-0.707106769
4067,-0.707106769,0.707106769
4068,-0.707106769,0.707106769
4069,-0.707106769,-0.707106769
4070,0.707106769,0.707106769
4071,0.707106769,0.707106769
4072,0.707106769,-0.707106769
4073,0.707106769,-0.707106769
4074,-0.707106769,0.707106769
4075,0.707106769,0.707106769
4076,-0.707106769,-0.707106769
4077,0.707106769,0.707106769
4078,-0.707106769,0.707106769
4079,0.707106769,-0.707106769
4080,0.707106769,-0.707106769
4081,-0.707106769,0.707106769
4082,0.707106769,0.707106769
4083,-0.707106769,-0.707106769
4084,0.707106769,-0.707106769
4085,-0.707106769,0.707106769
4086,-0.707106769,-0.707106769
4087,0.707106769,0.707106769
4088,-0.707106769,0.707106769
4089,0.707106769,0.707106769
4090,0.707106769,0.707106769
4091,0.707106769,0.707106769
4092,0.707106769,-0.707106769
4093,0.707106769,0.707106769
4094,-0.707106769,-0.707106769
4095,0.707106769,-0.707106769
4096,-0.707106769,-0.707106769
4097,0.707106769,0.707106769
4098,-0.707106769,-0.707106769
4099,-0.707106769,-0.707106769
4100,0.707106769,0.707106769
4101,-0.707106769,0.707106769
4102,-0.707106769,0.707106769
4103,-0.707106769,0.707106769
4104,0.707106769,0.707106769
4105,0.707106769,-0.707106769
4106,-0.707106769,0.707106769
4107,0.707106769,-0.707106769
4108,-0.707106769,-0.707106769
4109,-0.707106769,0.707106769
4110,-0.707106769,0.707106769
4111,-0.707106769,-0.707106769
4112,-0.707106769,-0.707106769
4113,0.707106769,-0.707106769
4114,-0.707106769,0.707106769
4115,0.707106769,0.707106769
4116,0.707106769,-0.707106769
4117,0.707106769,0.707106769
4118,0.707106769,0.707106769
4119,0.707106769,0.707106769
4120,-0.707106769,-0.707106769
4121,0.707106769,-0.707106769
4122,-0.707106769,0.707106769
4123,0.707106769,-0.707106769
4124,0.707106769,-0.707106769
4125,0.707106769,0.707106769
4126,0.707106769,0.707106769
4127,0.707106769,0.707106769
4128,0.707106769,0.707106769
4129,-0.707106769,0.707106769
4130,0.707106769,0.707106769
4131,0.707106769,-0.707106769
4132,0.707106769,0.707106769
4133,-0.707106769,0.707106769
4134,0.707106769,-0.707106769
4135,-0.707106769,0.707106769
4136,0.707106769,-0.707106769
4137,0.707106769,0.707106769
4138,-0.707106769,0.707106769
4139,-0.707106769,0.707106769
4140,0.707106769,-0.707106769
4141,0.707106769,0.707106769
4142,0.707106769,-0.707106769
4143,-0.707106769,0.707106769
4144,0.707106769,-0.707106769
4145,-0.707106769,-0.707106769
4146,-0.707106769,-0.707106769
4147,0.707106769,-0.707106769
4148,-0.707106769,-0.707106769
4149,-0.707106769,0.707106769
4150,0.707106769,-0.707106769
4151,-0.707106769,-0.707106769
4152,0.707106769,-0.707106769
4153,0.707106769,-0.707106769
4154,-0.707106769,-0.707106769
4155,0.707106769,-0.707106769
4156,0.707106769,0.707106769
4157,0.707106769,0.707106769
4158,-0.707106769,-0.707106769
4159,-0.707106769,-0.707106769
4160,0.707106769,0.707106769
4161,0.707106769,0.707106769
4162,0.707106769,-0.707106769
4163,0.707106769,0.707106769
4164,0.707106769,0.707106769
4165,-0.707106769,-0.707106769
4166,0.707106769,-0.707106769
4167,0.707106769,-0.707106769
4168,0.707106769,-0.707106769
4169,-0.707106769,-0.707106769
4170,0.707106769,-0.707106769
4171,-0.707106769,-0.707106769
4172,-0.707106769,0.707106769
4173,-0.707106769,0.707106769
4174,-0.707106769,0.707106769
4175,-0.707106769,0.707106769
4176,-0.707106769,-0.707106769
4177,-0.707106769,-0.707106769
4178,-0.707106769,-0.707106769
4179,-0.707106769,-0.707106769
4180,-0.707106769,-0.707106769
4181,0.707106769,0.707106769
4182,0.707106769,0.707106769
4183,-0.707106769,-0.707106769
4184,-0.707106769,-0.707106769
4185,0.707106769,-0.707106769
4186,-0.707106769,0.707106769
4187,-0.707106769,0.707106769
4188,0.707106769,0.707106769
4189,0.707106769,0.707106769
4190,0.707106769,0.707106769
4191,0.707106769,0.707106769
4192,-0.707106769,-0.707106769
4193,0.707106769,0.707106769
4194,-0.707106769,-0.707106769
4195,0.707106769,0.707106769
4196,0.707106769,0.707106769
4197,-0.707106769,0.707106769
4198,0.707106769,-0.707106769
4199,0.707106769,-0.707106769
4200,-0.707106769,0.707106769
4201,-0.707106769,0.707106769
4202,-0.707106769,-0.707106769
4203,-0.707106769,-0.707106769
4204,-0.707106769,-0.707106769
4205,-0.707106769,0.707106769
4206,0.707106769,0.707106769
4207,-0.707106769,-0.707106769
4208,-0.707106769,0.707106769
4209,-0.707106769,-0.707106769
4210,0.707106769,0.707106769
4211,-0.707106769,0.707106769
4212,0.707106769,-0.707106769
4213,0.707106769,-0.707106769
4214,-0.707106769,0.707106769
4215,0.707106769,0.707106769
4216,-0.707106769,-0.707106769
4217,-0.707106769,0.707106769
4218,0.707106769,-0.707106769
4219,0.707106769,0.707106769
4220,-0.707106769,0.707106769
4221,0.707106769,0.707106769
4222,0.707106769,-0.707106769
4223,-0.707106769,-0.707106769
4224,-0.707106769,-0.707106769
4225,0.707106769,0.707106769
4226,-0.707106769,-0.707106769
4227,-0.707106769,0.707106769
4228,0.707106769,0.707106769
4229,-0.707106769,-0.707106769
4230,-0.707106769,0.707106769
4231,0.707106769,-0.707106769
4232,-0.707106769,-0.707106769
4233,0.707106769,0.707106769
4234,0.707106769,-0.707106769
4235,0.707106769,-0.707106769
4236,0.707106769,0.707106769
4237,0.707106769,0.707106769
4238,-0.707106769,0.707106769
4239,-0.707106769,-0.707106769
4240,0.707106769,0.707106769
4241,-0.707106769,0.707106769
4242,0.707106769,0.707106769
4243,0.707106769,0.707106769
4244,-0.707106769,0.707106769
4245,-0.707106769,-0.707106769
4246,-0.707106769,-0.707106769
4247,-0.707106769,0.707106769
4248,0.707106769,-0.707106769
4249,0.707106769,-0.707106769
4250,-0.707106769,0.707106769
4251,0.707106769,-0.707106769
4252,0.707106769,0.707106769
4253,0.707106769,0.707106769
4254,-0.707106769,0.707106769
4255,0.707106769,-0.707106769
4256,0.707106769,0.707106769
4257,-0.707106769,0.707106769
4258,-0.707106769,0.707106769
4259,0.707106769,0.707106769
4260,0.707106769,-0.707106769
4261,0.707106769,-0.707106769
4262,-0.707106769,-0.707106769
4263,-0.707106769,0.707106769
4264,0.707106769,-0.707106769
4265,-0.707106769,-0.707106769
4266,0.707106769,0.707106769
4267,-0.707106769,-0.707106769
4268,-0.707106769,-0.707106769
4269,0.707106769,-0.707106769
4270,-0.707106769,0.707106769
4271,0.707106769,-0.707106769
4272,0.707106769,0.707106769
4273,0.707106769,-0.707106769
4274,-0.707106769,0.707106769
4275,-0.707106769,-0.707106769
4276,-0.707106769,-0.707106769
4277,-0.707106769,-0.707106769
4278,-0.707106769,0.707106769
4279,-0.707106769,0.707106769
4280,0.707106769,0.707106769
4281,0.707106769,0.707106769
4282,0.707106769,0.707106769
4283,0.707106769,0.707106769
4284,-0.707106769,0.707106769
4285,-0.707106769,0.707106769
4286,-0.707106769,0.707106769
4287,-0.707106769,-0.707106769
4288,-0.707106769,-0.707106769
4289,-0.707106769,-0.707106769
4290,-0.707106769,-0.707106769
4291,0.707106769,0.707106769
4292,0.707106769,-0.707106769
4293,0.707106769,-0.707106769
4294,0.707106769,-0.707106769
4295,0.707106769,-0.707106769
4296,-0.707106769,0.707106769
4297,0.707106769,-0.707106769
4298,-0.707106769,-0.707106769
4299,0.707106769,0.707106769
4300,-0.707106769,0.707106769
4301,-0.707106769,-0.707106769
4302,0.707106769,-0.707106769
4303,-0.707106769,-0.707106769
4304,-0.707106769,0.707106769
4305,0.707106769,0.707106769
4306,-0.707106769,-0.707106769
4307,0.707106769,0.707106769
4308,-0.707106769,0.707106769
4309,0.707106769,-0.707106769
4310,0.707106769,0.707106769
4311,-0.707106769,-0.707106769
4312,0.707106769,-0.707106769
4313,0.707106769,-0.707106769
4314,0.707106769,-0.707106769
4315,0.707106769,-0.707106769
4316,0.707106769,0.707106769
4317,-0.707106769,0.707106769
4318,0.707106769,0.707106769
4319,0.707106769,0.707106769
4320,0.707106769,-0.707106769
4321,-0.707106769,0.707106769
4322,-0.707106769,-0.707106769
4323,0.707106769,0.707106769
4324,0.707106769,0.707106769
4325,0.707106769,0.707106769
4326,0.707106769,-0.707106769
4327,0.707106769,0.707106769
4328,0.707106769,0.707106769
4329,0.707106769,0.707106769
4330,0.707106769,0.707106769
4331,-0.707106769,-0.707106769
4332,0.707106769,0.707106769
4333,0.707106769,0.707106769
4334,-0.707106769,0.707106769
4335,0.707106769,-0.707106769
4336,-0.707106769,-0.707106769
4337,0.707106769,0.707106769
4338,-0.707106769,-0.707106769
4339,0.707106769,0.707106769
4340,-0.707106769,-0.707106769
4341,0.707106769,-0.707106769
4342,0.707106769,-0.707106769
4343,0.707106769,-0.707106769
4344,-0.707106769,-0.707106769
4345,0.707106769,-0.707106769
4346,0.707106769,-0.707106769
4347,-0.707106769,-0.707106769
4348,0.707106769,-0.707106769
4349,-0.707106769,-0.707106769
4350,-0.707106769,-0.707106769
4351,-0.707106769,-0.707106769
4352,0.707106769,-0.707106769
4353,0.707106769,0.707106769
4354,-0.707106769,0.707106769
4355,0.707106769,0.707106769
4356,0.707106769,-0.707106769
4357,-0.707106769,-0.707106769
4358,-0.707106769,-0.707106769
4359,0.707106769,-0.707106769
4360,-0.707106769,0.707106769
4361,-0.707106769,-0.707106769
4362,0.707106769,0.707106769
4363,-0.707106769,0.707106769
4364,0.707106769,0.707106769
4365,-0.707106769,0.707106769
4366,-0.707106769,-0.707106769
4367,0.707106769,0.707106769
4368,0.707106769,0.707106769
4369,0.707106769,-0.707106769
4370,-0.707106769,0.707106769
4371,-0.707106769,0.707106769
4372,0.707106769,-0.707106769
4373,0.707106769,-0.707106769
4374,0.707106769,-0.707106769
4375,-0.707106769,-0.707106769
4376,-0.707106769,0.707106769
4377,-0.707106769,0.707106769
4378,-0.707106769,-0.707106769
4379,-0.707106769,-0.707106769
4380,-0.707106769,-0.707106769
4381,-0.707106769,0.707106769
4382,-0.707106769,0.707106769
4383,0.707106769,0.707106769
4384,-0.707106769,-0.707106769
4385,0.707106769,-0.707106769
4386,-0.707106769,0.707106769
4387,0.707106769,-0.707106769
4388,0.707106769,-0.707106769
4389,0.707106769,-0.707106769
4390,-0.707106769,-0.707106769
4391,0.707106769,0.707106769
4392,-0.707106769,0.707106769
4393,-0.707106769,0.707106769
4394,-0.707106769,-0.707106769
4395,0.707106769,-0.707106769
4396,-0.707106769,0.707106769
4397,0.707106769,-0.707106769
4398,-0.707106769,0.707106769
4399,-0.707106769,-0.707106769
4400,-0.707106769,-0.707106769
4401,-0.707106769,0.707106769
4402,0.707106769,-0.707106769
4403,-0.707106769,0.707106769
4404,-0.707106769,-0.707106769
4405,-0.707106769,-0.707106769
4406,0.707106769,0.707106769
4407,0.707106769,0.707106769
4408,-0.707106769,-0.707106769
4409,0.707106769,0.707106769
4410,0.707106769,-0.707106769
4411,0.707106769,0.707106769
4412,-0.707106769,0.707106769
4413,0.707106769,0.707106769
4414,-0.707106769,-0.707106769
4415,-0.707106769,0.707106769
4416,0.707106769,-0.707106769
4417,-0.707106769,0.707106769
4418,-0.707106769,-0.707106769
4419,0.707106769,0.707106769
4420,0.707106769,0.707106769
4421,-0.707106769,0.707106769
4422,0.707106769,-0.707106769
4423,0.707106769,-0.707106769
4424,-0.707106769,0.707106769
4425,-0.707106769,-0.707106769
4426,0.707106769,-0.707106769
4427,-0.707106769,0.707106769
4428,0.707106769,-0.707106769
4429,-0.707106769,0.707106769
4430,0.707106769,0.707106769
4431,-0.707106769,-0.707106769
4432,-0.707106769,-0.707106769
4433,0.707106769,-0.707106769
4434,-0.707106769,0.707106769
4435,0.707106769,0.707106769
4436,-0.707106769,-0.707106769
4437,-0.707106769,-0.707106769
4438,0.707106769,0.707106769
4439,0.707106769,-0.707106769
4440,0.707106769,0.707106769
4441,-0.707106769,-0.707106769
4442,0.707106769,0.707106769
4443,0.707106769,0.707106769
4444,0.707106769,-0.707106769
4445,0.707106769,-0.707106769
4446,-0.707106769,0.707106769
4447,0.707106769,0.707106769
4448,-0.707106769,0.707106769
4449,0.707106769,0.707106769
4450,-0.707106769,-0.707106769
4451,0.707106769,0.707106769
4452,-0.707106769,-0.707106769
4453,0.707106769,0.707106769
4454,0.707106769,-0.707106769
4455,-0.707106769,-0.707106769
4456,-0.707106769,-0.707106769
4457,0.707106769,0.707106769
4458,0.707106769,-0.707106769
4459,-0.707106769,-0.707106769
4460,0.707106769,0.707106769
4461,-0.707106769,-0.707106769
4462,0.707106769,0.707106769
4463,0.707106769,0.707106769
4464,-0.707106769,0.707106769
4465,0.707106769,0.707106769
4466,0.707106769,0.707106769
4467,-0.707106769,0.707106769
4468,-0.707106769,0.707106769
4469,0.707106769,0.707106769
4470,-0.707106769,-0.707106769
4471,0.707106769,-0.707106769
4472,-0.707106769,0.707106769
4473,0.707106769,0.707106769
4474,-0.707106769,0.707106769
4475,0.707106769,0.707106769
4476,0.707106769,0.707106769
4477,-0.707106769,0.707106769
4478,0.707106769,-0.707106769
4479,-0.707106769,-0.707106769
4480,0.707106769,0.707106769
4481,0.707106769,-0.707106769
4482,-0.707106769,0.707106769
4483,-0.707106769,-0.707106769
4484,-0.707106769,-0.707106769
4485,0.707106769,-0.707106769
4486,-0.707106769,-0.707106769
4487,0.707106769,0.707106769
4488,-0.707106769,-0.707106769
4489,0.707106769,-0.707106769
4490,-0.707106769,-0.707106769
4491,0.707106769,-0.707106769
4492,-0.707106769,-0.707106769
4493,-0.707106769,-0.707106769
4494,-0.707106769,-0.707106769
4495,0.707106769,0.707106769
4496,0.707106769,0.707106769
4497,-0.707106769,-0.707106769
4498,0.707106769,0.707106769
4499,-0.707106769,-0.707106769
4500,0.707106769,0.707106769
4501,-0.707106769,0.707106769
4502,0.707106769,-0.707106769
4503,0.707106769,0.707106769
4504,-0.707106769,0.707106769
4505,-0.707106769,0.707106769
4506,0.707106769,-0.707106769
4507,0.707106769,0.707106769
4508,0.707106769,0.707106769
4509,0.707106769,0.707106769
4510,0.707106769,-0.707106769
4511,-0.707106769,-0.707106769
4512,-0.707106769,0.707106769
4513,-0.707106769,-0.707106769
4514,-0.707106769,-0.707106769
4515,-0.707106769,-0.707106769
4516,0.707106769,-0.707106769
4517,-0.707106769,-0.707106769
4518,-0.707106769,-0.707106769
4519,-0.707106769,-0.707106769
4520,-0.707106769,-0.707106769
4521,-0.707106769,-0.707106769
4522,0.707106769,-0.707106769
4523,-0.707106769,-0.707106769
4524,0.707106769,-0.707106769
4525,0.707106769,-0.707106769
4526,0.707106769,-0.707106769
4527,-0.707106769,0.707106769
4528,-0.707106769,-0.707106769
4529,-0.707106769,-0.707106769
4530,-0.707106769,-0.707106769
4531,-0.707106769,0.707106769
4532,-0.707106769,0.707106769
4533,0.707106769,-0.707106769
4534,0.707106769,0.707106769
4535,-0.707106769,-0.707106769
4536,0.707106769,-0.707106769
4537,-0.707106769,-0.707106769
4538,-0.707106769,-0.707106769
4539,-0.707106769,0.707106769
4540,-0.707106769,0.707106769
4541,-0.707106769,-0.707106769
4542,0.707106769,-0.707106769
4543,-0.707106769,-0.707106769
4544,0.707106769,-0.707106769
4545,0.707106769,-0.707106769
4546,-0.707106769,-0.707106769
4547,0.707106769,-0.707106769
4548,0.707106769,-0.707106769
4549,0.707106769,0.707106769
4550,0.707106769,-0.707106769
4551,-0.707106769,0.707106769
4552,-0.707106769,-0.707106769
4553,-0.707106769,-0.707106769
4554,-0.707106769,-0.707106769
4555,-0.707106769,-0.707106769
4556,0.707106769,0.707106769
4557,0.707106769,0.707106769
4558,-0.707106769,-0.707106769
4559,-0.707106769,0.707106769
4560,0.707106769,0.707106769
4561,-0.707106769,0.707106769
4562,-0.707106769,-0.707106769
4563,-0.707106769,-0.707106769
4564,0.707106769,-0.707106769
4565,0.707106769,-0.707106769
4566,0.707106769,-0.707106769
4567,0.707106769,-0.707106769
4568,-0.707106769,-0.707106769
4569,0.707106769,0.707106769
4570,0.707106769,-0.707106769
4571,0.707106769,-0.707106769
4572,-0.707106769,-0.707106769
4573,0.707106769,0.707106769
4574,-0.707106769,-0.707106769
4575,0.707106769,-0.707106769
4576,-0.707106769,-0.707106769
4577,0.707106769,0.707106769
4578,0.707106769,0.707106769
4579,0.707106769,0.707106769
4580,0.707106769,-0.707106769
4581,-0.707106769,-0.707106769
4582,0.707106769,-0.707106769
4583,-0.707106769,-0.707106769
4584,0.707106769,-0.707106769
4585,0.707106769,0.707106769
4586,-0.707106769,-0.707106769
4587,-0.707106769,-0.707106769
4588,-0.707106769,0.707106769
4589,-0.707106769,0.707106769
4590,0.707106769,-0.707106769
4591,-0.707106769,0.707106769
4592,-0.707106769,0.707106769
4593,-0.707106769,-0.707106769
4594,-0.707106769,0.707106769
4595,0.707106769,0.707106769
4596,-0.707106769,0.707106769
4597,0.707106769,-0.707106769
4598,-0.707106769,-0.707106769
4599,-0.707106769,0.707106769
4600,0.707106769,0.707106769
4601,0.707106769,-0.707106769
4602,-0.707106769,0.707106769
4603,0.707106769,-0.707106769
4604,-0.707106769,-0.707106769
4605,-0.707106769,0.707106769
4606,0.707106769,0.707106769
4607,0.707106769,-0.707106769
4608,0.707106769,0.707106769
4609,-0.707106769,0.707106769
4610,0.707106769,-0.707106769
4611,0.707106769,0.707106769
4612,0.707106769,-0.707106769
4613,-0.707106769,-0.707106769
4614,-0.707106769,0.707106769
4615,-0.707106769,-0.707106769
4616,-0.707106769,0.707106769
4617,0.707106769,-0.707106769
4618,0.707106769,-0.707106769
4619,-0.707106769,-0.707106769
4620,-0.707106769,-0.707106769
4621,-0.707106769,-0.707106769
4622,0.707106769,0.707106769
4623,0.707106769,-0.707106769
4624,-0.707106769,0.707106769
4625,-0.707106769,0.707106769
4626,0.707106769,-0.707106769
4627,-0.707106769,-0.707106769
4628,-0.707106769,0.707106769
4629,0.707106769,0.707106769
4630,0.707106769,0.707106769
4631,0.707106769,-0.707106769
4632,-0.707106769,-0.707106769
4633,-0.707106769,-0.707106769
4634,0.707106769,-0.707106769
4635,-0.707106769,0.707106769
4636,-0.707106769,-0.707106769
4637,-0.707106769,0.707106769
4638,0.707106769,0.707106769
4639,0.707106769,0.707106769
4640,0.707106769,-0.707106769
4641,0.707106769,-0.707106769
4642,-0.707106769,-0.707106769
4643,-0.707106769,0.707106769
4644,0.707106769,0.707106769
4645,-0.707106769,-0.707106769
4646,-0.707106769,-0.707106769
4647,-0.707106769,0.707106769
4648,-0.707106769,0.707106769
4649,0.707106769,0.707106769
4650,0.707106769,0.707106769
4651,-0.707106769,-0.707106769
4652,-0.707106769,-0.707106769
4653,0.707106769,0.707106769
4654,0.707106769,0.707106769
4655,-0.707106769,0.707106769
4656,0.707106769,-0.707106769
4657,-0.707106769,-0.707106769
4658,0.707106769,-0.707106769
4659,0.707106769,-0.707106769
4660,0.707106769,0.707106769
4661,-0.707106769,0.707106769
4662,-0.707106769,0.707106769
4663,0.707106769,0.707106769
4664,-0.707106769,-0.707106769
4665,0.707106769,0.707106769
4666,-0.707106769,-0.707106769
4667,0.707106769,-0.707106769
4668,0.707106769,-0.707106769
4669,0.707106769,-0.707106769
4670,-0.707106769,-0.707106769
4671,0.707106769,-0.707106769
4672,-0.707106769,-0.707106769
4673,0.707106769,0.707106769
4674,-0.707106769,0.707106769
4675,-0.707106769,-0.707106769
4676,-0.707106769,0.707106769
4677,-0.707106769,0.707106769
4678,-0.707106769,0.707106769
4679,0.707106769,0.707106769
4680,-0.707106769,0.707106769
4681,0.707106769,-0.707106769
4682,0.707106769,0.707106769
4683,0.707106769,0.707106769
4684,-0.707106769,0.707106769
4685,-0.707106769,0.707106769
4686,0.707106769,0.707106769
4687,0.707106769,0.707106769
4688,0.707106769,-0.707106769
4689,0.707106769,-0.707106769
4690,0.707106769,-0.707106769
4691,0.707106769,-0.707106769
4692,-0.707106769,0.707106769
4693,-0.707106769,-0.707106769
4694,-0.707106769,0.707106769
4695,0.707106769,0.707106769
4696,-0.707106769,-0.707106769
4697,-0.707106769,-0.707106769
4698,-0.707106769,0.707106769
4699,-0.707106769,0.707106769
4700,0.707106769,0.707106769
4701,-0.707106769,0.707106769
4702,-0.707106769,0.707106769
4703,-0.707106769,-0.707106769
4704,-0.707106769,-0.707106769
4705,0.707106769,-0.707106769
4706,0.707106769,0.707106769
4707,0.707106769,-0.707106769
4708,-0.707106769,-0.707106769
4709,0.707106769,-0.707106769
4710,-0.707106769,-0.707106769
4711,-0.707106769,0.707106769
4712,-0.707106769,-0.707106769
4713,-0.707106769,-0.707106769
4714,0.707106769,-0.707106769
4715,0.707106769,0.707106769
4716,0.707106769,0.707106769
4717,0.707106769,0.707106769
4718,0.707106769,-0.707106769
4719,-0.707106769,0.707106769
4720,-0.707106769,0.707106769
4721,0.707106769,-0.707106769
4722,-0.707106769,0.707106769
4723,0.707106769,-0.707106769
4724,0.707106769,-0.707106769
4725,-0.707106769,0.707106769
4726,0.707106769,0.707106769
4727,-0.707106769,-0.707106769
4728,0.707106769,-0.707106769
4729,-0.707106769,0.707106769
4730,0.707106769,0.707106769
4731,-0.707106769,-0.707106769
4732,-0.707106769,0.707106769
4733,0.707106769,-0.707106769
4734,-0.707106769,0.707106769
4735,-0.707106769,0.707106769
4736,-0.707106769,-0.707106769
4737,0.707106769,-0.707106769
4738,0.707106769,-0.707106769
4739,0.707106769,-0.707106769
4740,-0.707106769,-0.707106769
4741,-0.707106769,-0.707106769
4742,-0.707106769,0.707106769
4743,0.707106769,-0.707106769
4744,0.707106769,-0.707106769
4745,-0.707106769,0.707106769
4746,0.707106769,0.707106769
4747,-0.707106769,0.707106769
4748,-0.707106769,-0.707106769
4749,-0.707106769,-0.707106769
4750,-0.707106769,-0.707106769
4751,-0.707106769,-0.707106769
4752,0.707106769,0.707106769
4753,-0.707106769,-0.707106769
4754,-0.707106769,-0.707106769
4755,-0.707106769,0.707106769
4756,-0.707106769,-0.707106769
4757,0.707106769,0.707106769
4758,-0.707106769,-0.707106769
4759,-0.707106769,-0.707106769
4760,-0.707106769,-0.707106769
4761,-0.707106769,-0.707106769
4762,-0.707106769,0.707106769
4763,-0.707106769,0.707106769
4764,0.707106769,-0.707106769
4765,-0.707106769,-0.707106769
4766,0.707106769,0.707106769
4767,0.707106769,0.707106769
4768,-0.707106769,0.707106769
4769,-0.707106769,0.707106769
4770,0.707106769,-0.707106769
4771,-0.707106769,0.707106769
4772,-0.707106769,0.707106769
4773,-0.707106769,0.707106769
4774,0.707106769,-0.707106769
4775,0.707106769,0.707106769
4776,0.707106769,-0.707106769
4777,-0.707106769,0.707106769
4778,-0.707106769,0.707106769
4779,-0.707106769,-0.707106769
4780,-0.707106769,0.707106769
4781,-0.707106769,-0.707106769
4782,-0.707106769,0.707106769
4783,-0.707106769,-0.707106769
4784,-0.707106769,0.707106769
4785,0.707106769,0.707106769
4786,-0.707106769,0.707106769
4787,-0.707106769,0.707106769
4788,-0.707106769,0.707106769
4789,0.707106769,-0.707106769
4790,-0.707106769,0.707106769
4791,0.707106769,0.707106769
4792,0.707106769,0.707106769
4793,-0.707106769,-0.707106769
4794,-0.707106769,0.707106769
4795,0.707106769,-0.707106769
4796,-0.707106769,0.707106769
4797,-0.707106769,-0.707106769
4798,-0.707106769,-0.707106769
4799,-0.707106769,0.707106769
4800,-0.707106769,-0.707106769
4801,-0.707106769,-0.707106769
4802,0.707106769,-0.707106769
4803,-0.707106769,-0.707106769
4804,0.707106769,0.707106769
4805,-0.707106769,0.707106769
4806,0.707106769,-0.707106769
4807,-0.707106769,-0.707106769
4808,0.707106769,-0.707106769
4809,-0.707106769,-0.707106769
4810,0.707106769,-0.707106769
4811,-0.707106769,-0.707106769
4812,-0.707106769,0.707106769
4813,0.707106769,0.707106769
4814,0.707106769,-0.707106769
4815,0.707106769,-0.707106769
4816,-0.707106769,-0.707106769
4817,0.707106769,-0.707106769
4818,0.707106769,0.707106769
4819,0.707106769,0.707106769
4820,0.707106769,-0.707106769
4821,-0.707106769,0.707106769
4822,-0.707106769,-0.707106769
4823,0.707106769,0.707106769
4824,-0.707106769,-0.707106769
4825,0.707106769,-0.707106769
4826,-0.707106769,0.707106769
4827,0.707106769,0.707106769
4828,-0.707106769,0.707106769
4829,-0.707106769,-0.707106769
4830,0.707106769,0.707106769
4831,-0.707106769,0.707106769
4832,-0.707106769,-0.707106769
4833,-0.707106769,-0.707106769
4834,0.707106769,-0.707106769
4835,-0.707106769,-0.707106769
4836,0.707106769,0.707106769
4837,-0.707106769,0.707106769
4838,-0.707106769,0.707106769
4839,0.707106769,0.707106769
4840,-0.707106769,-0.707106769
4841,0.707106769,-0.707106769
4842,0.707106769,0.707106769
4843,0.707106769,-0.707106769
4844,-0.707106769,0.707106769
4845,-0.707106769,0.707106769
4846,-0.707106769,-0.707106769
4847,0.707106769,-0.707106769
4848,0.707106769,0.707106769
4849,0.707106769,0.707106769
4850,-0.707106769,-0.707106769
4851,0.707106769,-0.707106769
4852,-0.707106769,-0.707106769
4853,0.707106769,0.707106769
4854,0.707106769,-0.707106769
4855,-0.707106769,0.707106769
4856,0.707106769,0.707106769
4857,-0.707106769,0.707106769
4858,-0.707106769,-0.707106769
4859,0.707106769,0.707106769
4860,-0.707106769,-0.707106769
4861,-0.707106769,0.707106769
4862,-0.707106769,0.707106769
4863,0.707106769,-0.707106769
4864,0.707106769,0.707106769
4865,-0.707106769,-0.707106769
4866,-0.707106769,-0.707106769
4867,-0.707106769,-0.707106769
4868,-0.707106769,-0.707106769
4869,0.707106769,0.707106769
4870,0.707106769,0.707106769
4871,-0.707106769,-0.707106769
4872,0.707106769,-0.707106769
4873,0.707106769,0.707106769
4874,-0.707106769,0.707106769
4875,-0.707106769,-0.707106769
4876,-0.707106769,-0.707106769
4877,-0.707106769,-0.707106769
4878,-0.707106769,0.707106769
4879,-0.707106769,0.707106769
4880,-0.707106769,0.707106769
4881,-0.707106769,-0.707106769
4882,0.707106769,0.707106769
4883,0.707106769,-0.707106769
4884,-0.707106769,0.707106769
4885,0.707106769,-0.707106769
4886,-0.707106769,0.707106769
4887,0.707106769,0.707106769
4888,-0.707106769,-0.707106769
4889,-0.707106769,-0.707106769
4890,0.707106769,-0.707106769
4891,0.707106769,-0.707106769
4892,0.707106769,-0.707106769
4893,-0.707106769,0.707106769
4894,0.707106769,-0.707106769
4895,-0.707106769,0.707106769
4896,-0.707106769,-0.707106769
4897,-0.707106769,-0.707106769
4898,0.707106769,-0.707106769
4899,0.707106769,0.707106769
4900,-0.707106769,0.707106769
4901,-0.707106769,0.707106769
4902,0.707106769,0.707106769
4903,0.707106769,-0.707106769
4904,-0.707106769,0.707106769
4905,-0.707106769,-0.707106769
4906,0.707106769,0.707106769
4907,0.707106769,-0.707106769
4908,-0.707106769,-0.707106769
4909,0.707106769,-0.707106769
4910,0.707106769,0.707106769
4911,-0.707106769,-0.707106769
4912,0.707106769,-0.707106769
4913,-0.707106769,-0.707106769
4914,0.707106769,-0.707106769
4915,-0.707106769,0.707106769
4916,-0.707106769,0.707106769
4917,-0.707106769,-0.707106769
4918,-0.707106769,0.707106769
4919,-0.707106769,-0.707106769
4920,-0.707106769,-0.707106769
4921,0.707106769,0.707106769
4922,0.707106769,-0.707106769
4923,0.707106769,-0.707106769
4924,0.707106769,-0.707106769
4925,-0.707106769,-0.707106769
4926,-0.707106769,0.707106769
4927,-0.707106769,-0.707106769
4928,0.707106769,-0.707106769
4929,-0.707106769,0.707106769
4930,-0.707106769,0.707106769
4931,-0.707106769,-0.707106769
4932,0.707106769,0.707106769
4933,-0.707106769,0.707106769
4934,0.707106769,-0.707106769
4935,0.707106769,-0.707106769
4936,0.707106769,-0.707106769
4937,-0.707106769,0.707106769
4938,-0.707106769,-0.707106769
4939,0.707106769,0.707106769
4940,-0.707106769,0.707106769
4941,0.707106769,0.707106769
4942,0.707106769,-0.707106769
4943,0.707106769,-0.707106769
4944,-0.707106769,-0.707106769
4945,0.707106769,0.707106769
4946,0.707106769,0.707106769
4947,-0.707106769,0.707106769
4948,-0.707106769,-0.707106769
4949,0.707106769,-0.707106769
4950,0.707106769,-0.707106769
4951,-0.707106769,-0.707106769
4952,-0.707106769,0.707106769
4953,-0.707106769,-0.707106769
4954,0.707106769,0.707106769
4955,-0.707106769,-0.707106769
4956,-0.707106769,0.707106769
4957,-0.707106769,-0.707106769
4958,-0.707106769,0.707106769
4959,0.707106769,0.707106769
4960,-0.707106769,-0.707106769
4961,-0.707106769,0.707106769
4962,-0.707106769,-0.707106769
4963,-0.707106769,-0.707106769
4964,-0.707106769,-0.707106769
4965,0.707106769,-0.707106769
4966,-0.707106769,-0.707106769
4967,-0.707106769,-0.707106769
4968,-0.707106769,0.707106769
4969,0.707106769,-0.707106769
4970,0.707106769,0.707106769
4971,-0.707106769,0.707106769
4972,-0.707106769,0.707106769
4973,0.707106769,0.707106769
4974,0.707106769,-0.707106769
4975,-0.707106769,-0.707106769
4976,-0.707106769,0.707106769
4977,0.707106769,0.707106769
4978,0.707106769,-0.707106769
4979,0.707106769,-0.707106769
4980,-0.707106769,0.707106769
4981,0.707106769,-0.707106769
4982,-0.707106769,0.707106769
4983,-0.707106769,0.707106769
4984,-0.707106769,0.707106769
4985,-0.707106769,0.707106769
4986,0.707106769,-0.707106769
4987,0.707106769,0.707106769
4988,0.707106769,-0.707106769
4989,0.707106769,-0.707106769
4990,-0.707106769,0.707106769
4991,-0.707106769,0.707106769
4992,0.707106769,-0.707106769
4993,0.707106769,-0.707106769
4994,-0.707106769,0.707106769
4995,-0.707106769,0.707106769
4996,0.707106769,0.707106769
4997,0.707106769,0.707106769
4998,-0.707106769,0.707106769
4999,-0.707106769,0.707106769
